-- phpMyAdmin SQL Dump
-- version 4.0.10deb1
-- http://www.phpmyadmin.net
--
-- Host: localhost
-- Generation Time: Oct 18, 2018 at 11:50 AM
-- Server version: 5.5.58-0ubuntu0.14.04.1
-- PHP Version: 5.5.9-1ubuntu4.22

SET SQL_MODE = "NO_AUTO_VALUE_ON_ZERO";
SET time_zone = "+00:00";


/*!40101 SET @OLD_CHARACTER_SET_CLIENT=@@CHARACTER_SET_CLIENT */;
/*!40101 SET @OLD_CHARACTER_SET_RESULTS=@@CHARACTER_SET_RESULTS */;
/*!40101 SET @OLD_COLLATION_CONNECTION=@@COLLATION_CONNECTION */;
/*!40101 SET NAMES utf8 */;

--
-- Database: `doctorapp`
--

-- --------------------------------------------------------

--
-- Table structure for table `admin`
--

CREATE TABLE IF NOT EXISTS `admin` (
  `iAdminId` int(11) NOT NULL AUTO_INCREMENT,
  `iAdminTypeId` int(11) NOT NULL,
  `vFirstName` varchar(255) CHARACTER SET utf8 NOT NULL,
  `vLastName` varchar(255) CHARACTER SET utf8 NOT NULL,
  `vEmail` varchar(255) CHARACTER SET utf8 NOT NULL,
  `vPassword` varchar(255) CHARACTER SET utf8 NOT NULL,
  `vPhone` varchar(255) CHARACTER SET utf8 NOT NULL,
  `tAddress` text CHARACTER SET utf8 NOT NULL,
  `dCreatedDate` date NOT NULL,
  `dModifiedDate` date NOT NULL,
  `iCreatedBy` int(11) NOT NULL,
  `iModifiedBy` int(11) NOT NULL,
  `vActivationCode` varchar(255) NOT NULL,
  `eStatus` enum('Active','Inactive') NOT NULL,
  PRIMARY KEY (`iAdminId`)
) ENGINE=InnoDB  DEFAULT CHARSET=latin1 AUTO_INCREMENT=6 ;

--
-- Dumping data for table `admin`
--

INSERT INTO `admin` (`iAdminId`, `iAdminTypeId`, `vFirstName`, `vLastName`, `vEmail`, `vPassword`, `vPhone`, `tAddress`, `dCreatedDate`, `dModifiedDate`, `iCreatedBy`, `iModifiedBy`, `vActivationCode`, `eStatus`) VALUES
(1, 2, 'Maria', 'Gomez', 'admin@gmail.com', 'DShjDShj', '9737034326', '', '2017-06-14', '2018-09-10', 0, 0, 'U0Yfq8Ul2w', 'Active'),
(4, 1, 'Thomas', 'Lee', 'variance1234@gmail.com', 'DShj', '987654321', 'Lorem Ipsum is simply dummy text of the printing and typesetting industry. Lorem Ipsum has been the industry''s standard dummy text ever since the 1500s, when an unknown printer took a galley of type and scrambled it to make a type specimen book. It has survived not only five centuries, but also the leap into electronic typesetting, remaining essentially unchanged. It was popularised in the 1960s with the release of Letraset sheets containing Lorem Ipsum passages, and more recently with desktop publishing software like Aldus PageMaker including versions of Lorem Ipsum.', '2017-06-14', '2018-04-13', 0, 0, 'AhrxaPOFAi', 'Active'),
(5, 3, 'Raheman', 'Khan', 'branchadmin@gmail.com', 'DShjDShj', '6598215165', 'ads', '0000-00-00', '2017-12-15', 1, 1, '', 'Active');

-- --------------------------------------------------------

--
-- Table structure for table `admintype`
--

CREATE TABLE IF NOT EXISTS `admintype` (
  `iAdminTypeId` int(11) NOT NULL AUTO_INCREMENT,
  `vType` varchar(255) CHARACTER SET utf8 NOT NULL,
  `eStatus` enum('Active','Inactive') NOT NULL,
  PRIMARY KEY (`iAdminTypeId`)
) ENGINE=InnoDB  DEFAULT CHARSET=latin1 AUTO_INCREMENT=4 ;

--
-- Dumping data for table `admintype`
--

INSERT INTO `admintype` (`iAdminTypeId`, `vType`, `eStatus`) VALUES
(1, 'Super Admin', 'Active'),
(2, 'Admin', 'Active'),
(3, 'Branch Manager', 'Active');

-- --------------------------------------------------------

--
-- Table structure for table `answer`
--

CREATE TABLE IF NOT EXISTS `answer` (
  `iAnswerId` int(10) NOT NULL AUTO_INCREMENT,
  `tAnswer` text NOT NULL,
  `iQuestionId` int(10) NOT NULL,
  `iUserId` int(10) NOT NULL,
  PRIMARY KEY (`iAnswerId`)
) ENGINE=InnoDB  DEFAULT CHARSET=latin1 AUTO_INCREMENT=161 ;

--
-- Dumping data for table `answer`
--

INSERT INTO `answer` (`iAnswerId`, `tAnswer`, `iQuestionId`, `iUserId`) VALUES
(1, 'ok sure', 4, 1),
(2, 'reply hii', 4, 1),
(3, 'hey', 4, 1),
(11, 'my answer', 4, 1),
(12, 'fine', 32, 7),
(13, 'cde', 31, 28),
(14, 'fine', 31, 28),
(15, 'yaah', 33, 7),
(16, 'fh pm ufgijm', 34, 7),
(17, 'fine', 34, 7),
(18, '', 30, 2),
(19, 'hii', 35, 2),
(20, 'Ok', 38, 2),
(21, 'ok', 36, 2),
(22, 'ok', 34, 8),
(23, 'ok', 34, 8),
(24, 'good', 32, 8),
(25, 'hii', 35, 8),
(26, 'good', 32, 12),
(27, 'asdg', 21, 12),
(28, 'good', 4, 12),
(29, 'hdnr', 5, 12),
(30, 'ykym', 5, 12),
(31, 'rrhr', 4, 7),
(32, 'hello', 4, 7),
(33, 'xubpng', 22, 7),
(34, 'okkkk', 6, 7),
(35, 'okkkk', 6, 7),
(36, 'ok', 34, 22),
(38, 'done', 34, 22),
(48, 'answe1290', 4, 1),
(49, 'answe1290', 4, 1),
(54, 'your message', 2, 130),
(55, 'i m fine', 4, 36),
(56, 'i m fine', 30, 36),
(57, 'your framework is working', 30, 36),
(58, 'your framework is working', 30, 36),
(59, 'my name devanshi', 9, 4),
(60, 'Ok i got ', 41, 7),
(61, 'yes i was looking in it', 41, 7),
(62, 'jzjsjjsjsjsjbdhdbdjdbdibdhdbdjdbhdjhdjdbdjdhhdhhdbbdbdndndjndndndnd', 41, 7),
(63, 'bdjsjushxusbxhbdhzhdn\n\nx\nd\nd\n\nd\nd\nd\nd\n\nd\ne\ne\ne\n\ne\ne\n', 41, 7),
(64, 'hjdjjdhdhdh', 39, 7),
(65, 'ndjjdjdnfjdjndjddjcjfhxuhdbdhhebdbe\nd\nd\ndd\nd\nd\nd\n\nd\nd\nd\ndjdjjdjdsjdjdd\nd\n\nd\nd\nd\n\nd\nd\n\ndjdjjdjdjdj', 39, 7),
(66, 'call me on 99999999', 41, 7),
(67, 'I want to be with you again soon and we can go from there to', 6, 7),
(68, 'I', 6, 7),
(69, 'I want you so you can see what', 6, 7),
(70, 'I want to be with you and your family', 6, 7),
(71, 'frame is working like linear way, it take pictures in sequence in every second , it also take photo per second like 9 images and create one frame', 6, 7),
(72, 'hello', 44, 7),
(73, 'hello', 44, 7),
(74, 'hello', 44, 7),
(75, 'hello', 44, 7),
(76, 'ok', 43, 7),
(77, 'ok', 43, 7),
(78, 'hi there', 44, 7),
(79, 'nice to meet you', 44, 7),
(80, 'hi', 39, 7),
(81, 'cool', 34, 7),
(82, 'superb', 48, 7),
(83, 'cook', 48, 7),
(84, 'nice to work out in morning', 48, 7),
(85, 'ok', 45, 7),
(86, 'done', 45, 7),
(87, 'ok', 45, 7),
(88, 'have a great day', 44, 7),
(89, 'ok', 34, 7),
(90, 'ok', 46, 7),
(91, 'wordpress', 23, 7),
(92, 'ok', 7, 7),
(93, 'ok', 46, 7),
(94, 'ok', 24, 7),
(95, 'ok', 24, 7),
(96, 'ok', 25, 7),
(97, 'ok', 47, 7),
(98, 'From how much time ?', 52, 189),
(99, 'Albuterol is usually the primary "rescue" or short-term medicine that is used to help acute asthma symptoms, such as coughing or wheezing.', 53, 7),
(100, 'There are number of injections, and they basically are used to block the pain generators that are believed to be the cause of pain. These have been used for decades for pain control. Some need only one injection and some may need more than one to get adequate relief. There is no permanent solution that is consistent for these pain generators.', 54, 7),
(101, 'There is no permanent solution that is consistent for these pain generators.', 54, 7),
(102, 'ok', 47, 7),
(103, 'ok', 48, 7),
(104, 'ok', 46, 7),
(105, 'ok', 46, 7),
(106, 'ok', 48, 7),
(107, 'what type of pain', 57, 7),
(108, 'I usually advise people that options are nothing (leave it alone), exercise, medications, injections, surgery, or other (non-traditional like acupuncture, tai chi, or even cognitive behavioral therapy).', 56, 7),
(109, 'Most people will do well with exercises and medication if needed.', 56, 7),
(110, 'Surgery is usually done for so-called radicular or sciatic pains that don''t get better with exercises, medications, or time.', 56, 7),
(111, 'Test Application', 43, 7),
(112, 'ok', 43, 7),
(113, 'ok', 43, 7),
(114, 'ok', 43, 7),
(115, 'ok', 43, 7),
(116, 'good', 48, 7),
(117, 'We run into this situation at least two or three times a week in clinic. Sometimes, it is best to bring the parent in so he or she can hear the message from a non-family member.', 55, 7),
(118, 'In this situation, I usually "soft-sell" a rollator walker. I emphasize that this is an exercise device that allows them to walk quickly and increase their distances, otherwise the legs get weaker and weaker.', 55, 7),
(119, 'dsfdsgg', 55, 7),
(120, 'ok', 57, 7),
(121, 'ok', 57, 7),
(122, 'fggdfg', 57, 7),
(123, 'Hiii', 35, 7),
(124, 'ok', 35, 7),
(125, 'ok', 37, 7),
(126, 'dsfsf', 40, 7),
(127, 'gfhfh', 52, 7),
(128, 'ok', 46, 7),
(129, 'rre', 46, 7),
(130, 'ok', 47, 7),
(131, 'nice', 47, 7),
(132, 'ok', 55, 7),
(133, 'hjgh', 55, 7),
(134, 'hghg', 55, 7),
(135, 'fghg', 55, 7),
(136, 'dfgdf', 57, 7),
(137, 'ghkh', 57, 7),
(138, 'fjfgghj', 57, 7),
(139, 'abcd', 57, 7),
(140, 'hello', 57, 7),
(141, 'cjgxhl', 57, 7),
(142, 'gjxjg', 57, 7),
(143, 'zfjiyd', 57, 7),
(144, 'hi there', 57, 7),
(145, 'ok', 57, 7),
(146, 'ok', 34, 7),
(147, 'okkkk', 57, 7),
(148, 'ok', 34, 7),
(149, 'ok', 34, 7),
(150, 'ok', 34, 7),
(151, 'ok', 34, 7),
(152, 'ok', 34, 7),
(153, 'ok', 34, 7),
(154, 'ok', 34, 7),
(155, 'ok', 34, 7),
(156, 'ok', 34, 7),
(157, 'ok', 57, 7),
(158, 'kk', 57, 7),
(159, 'helllo world', 57, 7),
(160, 'MyWorld', 57, 7);

-- --------------------------------------------------------

--
-- Table structure for table `blockunblock`
--

CREATE TABLE IF NOT EXISTS `blockunblock` (
  `iBlockId` int(10) NOT NULL AUTO_INCREMENT,
  `iFromId` int(10) NOT NULL,
  `iToUserId` int(10) NOT NULL,
  `dDateTime` date NOT NULL,
  PRIMARY KEY (`iBlockId`)
) ENGINE=InnoDB  DEFAULT CHARSET=latin1 AUTO_INCREMENT=14 ;

--
-- Dumping data for table `blockunblock`
--

INSERT INTO `blockunblock` (`iBlockId`, `iFromId`, `iToUserId`, `dDateTime`) VALUES
(13, 28, 7, '2018-08-08');

-- --------------------------------------------------------

--
-- Table structure for table `blog`
--

CREATE TABLE IF NOT EXISTS `blog` (
  `iBlogId` int(11) NOT NULL AUTO_INCREMENT,
  `BlogLink` varchar(67) NOT NULL,
  UNIQUE KEY `iBlogId` (`iBlogId`)
) ENGINE=InnoDB  DEFAULT CHARSET=latin1 AUTO_INCREMENT=6 ;

--
-- Dumping data for table `blog`
--

INSERT INTO `blog` (`iBlogId`, `BlogLink`) VALUES
(1, 'http://doctorapp.varianceinfotech.net/admin/dashboard'),
(2, 'http://doctorapp.varianceinfotech.net/admin/question'),
(3, 'http://doctorapp.varianceinfotech.net/admin/notification'),
(4, 'http://doctorapp.varianceinfotech.net/admin/user?eUserType=Doctor'),
(5, 'http://doctorapp.varianceinfotech.net/admin/user?eUserType=Patient');

-- --------------------------------------------------------

--
-- Table structure for table `chat`
--

CREATE TABLE IF NOT EXISTS `chat` (
  `iChatId` int(10) NOT NULL AUTO_INCREMENT,
  `iToUserId` int(10) NOT NULL,
  `iFromId` int(10) NOT NULL,
  `tMessage` text CHARACTER SET utf8 NOT NULL,
  `dChatTime` datetime NOT NULL,
  `iDeleteId` int(11) NOT NULL,
  PRIMARY KEY (`iChatId`)
) ENGINE=InnoDB  DEFAULT CHARSET=latin1 AUTO_INCREMENT=1459 ;

--
-- Dumping data for table `chat`
--

INSERT INTO `chat` (`iChatId`, `iToUserId`, `iFromId`, `tMessage`, `dChatTime`, `iDeleteId`) VALUES
(1, 1, 2, 'hii', '2018-07-11 00:00:00', 2),
(2, 1, 2, 'hello customer', '2018-07-11 00:00:00', 2),
(3, 1, 2, 'hello customer', '2018-07-11 00:00:00', 2),
(20, 1, 2, 'hello employye', '0000-00-00 00:00:00', 2),
(38, 1, 2, 'hello ram', '0000-00-00 00:00:00', 2),
(39, 1, 2, 'how are u', '0000-00-00 00:00:00', 2),
(40, 1, 2, 'what is name', '0000-00-00 00:00:00', 2),
(41, 1, 2, 'what is name', '0000-00-00 00:00:00', 2),
(42, 1, 2, 'who are u', '0000-00-00 00:00:00', 2),
(43, 1, 2, 'who are u', '0000-00-00 00:00:00', 2),
(44, 1, 2, 'why', '0000-00-00 00:00:00', 2),
(45, 0, 2, 'Hello', '0000-00-00 00:00:00', 0),
(46, 0, 2, 'Hii', '0000-00-00 00:00:00', 0),
(47, 3, 28, 'Hello Doctor', '0000-00-00 00:00:00', 0),
(48, 0, 28, '', '0000-00-00 00:00:00', 0),
(49, 3, 28, 'Hello', '0000-00-00 00:00:00', 0),
(50, 3, 28, 'Hello', '0000-00-00 00:00:00', 0),
(51, 3, 28, 'Hello', '0000-00-00 00:00:00', 0),
(52, 3, 28, 'Hello', '0000-00-00 00:00:00', 0),
(53, 3, 28, 'Hii', '0000-00-00 00:00:00', 0),
(54, 1, 2, 'why', '0000-00-00 00:00:00', 2),
(55, 3, 28, '', '0000-00-00 00:00:00', 0),
(56, 3, 28, '\n', '0000-00-00 00:00:00', 0),
(57, 3, 28, '\n', '2018-08-06 00:00:00', 0),
(58, 3, 28, '', '2018-08-06 00:00:00', 0),
(59, 3, 28, '', '2018-08-06 00:00:00', 0),
(60, 3, 28, '', '2018-08-07 00:00:00', 0),
(61, 3, 28, '', '2018-08-07 00:00:00', 0),
(62, 3, 28, '', '2018-08-08 00:00:00', 0),
(63, 3, 7, '', '2018-08-08 12:16:18', 0),
(64, 3, 7, '', '0000-00-00 00:00:00', 0),
(65, 3, 7, '', '0000-00-00 00:00:00', 0),
(66, 3, 7, '', '0000-00-00 00:00:00', 0),
(67, 3, 7, 'a', '0000-00-00 00:00:00', 0),
(68, 3, 7, '', '0000-00-00 00:00:00', 0),
(69, 3, 7, 'avani', '0000-00-00 00:00:00', 0),
(70, 3, 7, '', '0000-00-00 00:00:00', 0),
(71, 3, 7, '', '0000-00-00 00:00:00', 0),
(72, 3, 28, '', '0000-00-00 00:00:00', 0),
(73, 3, 28, 'a', '0000-00-00 00:00:00', 0),
(74, 3, 28, 'a', '0000-00-00 00:00:00', 0),
(75, 3, 28, 'a', '0000-00-00 00:00:00', 0),
(76, 3, 28, 'a', '0000-00-00 00:00:00', 0),
(77, 3, 28, 'avani', '0000-00-00 00:00:00', 0),
(78, 3, 28, 'variance', '0000-00-00 00:00:00', 0),
(79, 3, 28, 'variance infotech', '0000-00-00 00:00:00', 0),
(80, 3, 28, 'ok', '0000-00-00 00:00:00', 0),
(81, 3, 28, 'variance', '0000-00-00 00:00:00', 0),
(82, 3, 28, 'infotech', '0000-00-00 00:00:00', 0),
(83, 3, 28, 'employee', '0000-00-00 00:00:00', 0),
(84, 3, 28, 'ok', '0000-00-00 00:00:00', 0),
(85, 3, 28, 'a', '0000-00-00 00:00:00', 0),
(86, 3, 28, 'b', '0000-00-00 00:00:00', 0),
(87, 3, 28, 'a', '0000-00-00 00:00:00', 0),
(88, 3, 28, 'b', '0000-00-00 00:00:00', 0),
(89, 3, 28, 'c', '0000-00-00 00:00:00', 0),
(90, 3, 28, 'd', '0000-00-00 00:00:00', 0),
(91, 3, 28, 'c', '0000-00-00 00:00:00', 0),
(92, 3, 28, 'd', '0000-00-00 00:00:00', 0),
(93, 1, 28, 'a\n', '0000-00-00 00:00:00', 0),
(94, 1, 28, 'a', '0000-00-00 00:00:00', 0),
(95, 1, 7, 'a', '0000-00-00 00:00:00', 7),
(96, 1, 7, 'a', '0000-00-00 00:00:00', 7),
(104, 1, 28, 'hello', '0000-00-00 00:00:00', 0),
(105, 1, 28, '??????', '0000-00-00 00:00:00', 0),
(106, 1, 28, 'Hello  devanshi', '0000-00-00 00:00:00', 0),
(107, 1, 28, 'hello', '0000-00-00 00:00:00', 0),
(108, 1, 28, 'helo', '0000-00-00 00:00:00', 0),
(109, 1, 28, 'hello', '0000-00-00 00:00:00', 0),
(110, 1, 28, 'hii', '0000-00-00 00:00:00', 0),
(111, 1, 28, 'Hello', '0000-00-00 00:00:00', 0),
(112, 8, 28, 'a', '0000-00-00 00:00:00', 0),
(113, 1, 28, 'Hello', '0000-00-00 00:00:00', 0),
(114, 1, 28, 'hii', '0000-00-00 00:00:00', 0),
(115, 1, 28, 'can. ', '0000-00-00 00:00:00', 0),
(116, 1, 28, 'dfdgf', '0000-00-00 00:00:00', 0),
(117, 1, 28, 'hello', '0000-00-00 00:00:00', 0),
(120, 1, 28, 'variance infotech', '0000-00-00 00:00:00', 0),
(121, 1, 28, 'avani', '0000-00-00 00:00:00', 0),
(122, 1, 2, 'hello', '0000-00-00 00:00:00', 2),
(123, 1, 2, 'hello', '0000-00-00 00:00:00', 2),
(124, 1, 2, 'hello', '2018-08-08 00:00:00', 2),
(128, 1, 28, 'ok', '0000-00-00 00:00:00', 0),
(130, 1, 28, 'a', '0000-00-00 00:00:00', 0),
(131, 8, 28, 'b', '0000-00-00 00:00:00', 0),
(132, 8, 28, 'c', '0000-00-00 00:00:00', 0),
(133, 20, 28, 'a', '0000-00-00 00:00:00', 0),
(134, 23, 28, 'b', '0000-00-00 00:00:00', 0),
(135, 18, 28, 'c', '0000-00-00 00:00:00', 0),
(136, 18, 28, 'd', '0000-00-00 00:00:00', 0),
(137, 19, 28, 'e', '0000-00-00 00:00:00', 0),
(138, 19, 28, 'e', '0000-00-00 00:00:00', 0),
(139, 23, 28, 'f', '0000-00-00 00:00:00', 0),
(140, 17, 28, 'g', '0000-00-00 00:00:00', 0),
(141, 24, 28, 'h', '0000-00-00 00:00:00', 0),
(142, 24, 28, 'i', '0000-00-00 00:00:00', 0),
(143, 24, 28, 'j', '0000-00-00 00:00:00', 0),
(144, 24, 28, 'k', '0000-00-00 00:00:00', 0),
(145, 1, 28, 'nice', '0000-00-00 00:00:00', 0),
(146, 1, 28, 'asd', '0000-00-00 00:00:00', 0),
(151, 1, 28, 'test application', '0000-00-00 00:00:00', 0),
(152, 1, 28, 'healthy future', '0000-00-00 00:00:00', 0),
(153, 1, 28, 'application', '0000-00-00 00:00:00', 0),
(154, 1, 28, 'test', '0000-00-00 00:00:00', 0),
(155, 1, 28, 'application', '0000-00-00 00:00:00', 0),
(156, 1, 28, 'hii', '0000-00-00 00:00:00', 0),
(157, 1, 28, 'hello', '0000-00-00 00:00:00', 0),
(158, 1, 28, 'a', '0000-00-00 00:00:00', 0),
(159, 1, 28, 'b', '0000-00-00 00:00:00', 0),
(160, 1, 28, 'c', '0000-00-00 00:00:00', 0),
(162, 1, 28, 'd', '0000-00-00 00:00:00', 0),
(163, 1, 28, 'e', '0000-00-00 00:00:00', 0),
(164, 1, 28, 'f', '0000-00-00 00:00:00', 0),
(165, 1, 28, 'g', '0000-00-00 00:00:00', 0),
(166, 1, 28, 'h', '0000-00-00 00:00:00', 0),
(167, 1, 28, 'i', '0000-00-00 00:00:00', 0),
(168, 1, 28, 'j', '0000-00-00 00:00:00', 0),
(169, 1, 28, 'k', '0000-00-00 00:00:00', 0),
(170, 1, 28, 'l', '0000-00-00 00:00:00', 0),
(171, 1, 28, 'm', '0000-00-00 00:00:00', 0),
(172, 1, 28, 'n', '0000-00-00 00:00:00', 0),
(173, 1, 28, 'o', '0000-00-00 00:00:00', 0),
(174, 1, 28, 'p', '0000-00-00 00:00:00', 0),
(175, 1, 28, 'q', '0000-00-00 00:00:00', 0),
(176, 1, 28, 'r', '0000-00-00 00:00:00', 0),
(177, 1, 28, 'hii', '0000-00-00 00:00:00', 0),
(178, 1, 28, 'hello', '0000-00-00 00:00:00', 0),
(179, 1, 28, 'gm', '0000-00-00 00:00:00', 0),
(180, 1, 28, 'fgh', '0000-00-00 00:00:00', 0),
(181, 1, 28, 'asf', '0000-00-00 00:00:00', 0),
(182, 1, 28, 'asd', '0000-00-00 00:00:00', 0),
(183, 1, 28, 'abc', '0000-00-00 00:00:00', 0),
(184, 1, 28, 'hii', '0000-00-00 00:00:00', 0),
(185, 1, 28, 'hello', '0000-00-00 00:00:00', 0),
(186, 1, 28, 'test ', '0000-00-00 00:00:00', 0),
(187, 1, 28, 'application', '0000-00-00 00:00:00', 0),
(188, 1, 28, 'hii', '0000-00-00 00:00:00', 0),
(190, 1, 28, 'nice', '0000-00-00 00:00:00', 0),
(191, 2, 28, 'hii this is Avni here', '0000-00-00 00:00:00', 0),
(193, 6, 28, 'hii', '0000-00-00 00:00:00', 0),
(194, 8, 28, 'd', '0000-00-00 00:00:00', 0),
(195, 8, 28, 'e', '0000-00-00 00:00:00', 0),
(196, 8, 28, 'f', '0000-00-00 00:00:00', 0),
(197, 18, 28, 'efgh', '2018-08-13 06:25:04', 0),
(198, 8, 28, 'g', '2018-08-13 06:37:00', 0),
(199, 24, 28, 'l', '2018-08-13 07:43:20', 0),
(200, 18, 28, 'good morning', '2018-08-14 10:26:45', 0),
(201, 1, 28, 'gm', '2018-08-14 10:53:37', 0),
(202, 2, 28, 'gm', '2018-08-14 10:54:33', 0),
(203, 24, 28, 'j', '2018-08-14 11:25:46', 0),
(204, 18, 28, 'good afternoon', '2018-08-14 01:29:17', 0),
(205, 6, 28, 'good afternoon', '2018-08-14 01:43:39', 0),
(207, 17, 28, 'h', '2018-08-14 03:14:19', 0),
(208, 20, 28, 'b', '2018-08-14 03:50:01', 0),
(209, 19, 28, 'f', '2018-08-14 03:51:00', 0),
(210, 23, 28, 'g', '2018-08-14 03:51:22', 0),
(211, 24, 28, 'k', '2018-08-15 12:42:40', 0),
(212, 24, 28, 'k', '2018-08-15 12:42:41', 0),
(213, 23, 28, 'h', '2018-08-14 04:23:42', 0),
(214, 19, 28, 'g', '2018-08-14 04:24:17', 0),
(215, 19, 28, 'ddsd', '2018-08-14 04:24:23', 0),
(216, 24, 28, 'l', '2018-08-14 04:31:07', 0),
(217, 23, 28, 'i', '2018-08-14 17:14:12', 0),
(218, 23, 28, 'nice job', '2018-08-14 18:55:18', 0),
(219, 1, 7, 'b', '2018-08-20 16:57:14', 7),
(222, 4, 2, 'devfg', '2018-08-16 12:18:16', 2),
(223, 4, 2, 'devfg', '2018-08-16 12:18:16', 2),
(224, 4, 2, 'xxxyy', '2018-08-16 12:18:16', 2),
(225, 4, 2, 'xxxyy', '2018-08-16 12:18:16', 2),
(226, 4, 2, 'zzz', '2018-08-16 12:18:16', 2),
(230, 24, 28, 'hello', '2018-08-21 15:40:34', 0),
(231, 24, 28, 'hello', '2018-08-21 15:40:35', 0),
(232, 6, 28, 'hello', '2018-08-21 15:42:17', 0),
(249, 5, 4, 'hello', '2018-08-16 12:18:16', 0),
(250, 6, 2, 'hello', '2018-08-16 12:18:16', 0),
(251, 6, 2, 'hello', '2018-08-16 12:18:16', 0),
(253, 6, 2, 'hello customer', '2018-08-16 12:18:16', 0),
(261, 2, 28, 'hii', '2018-08-22 15:27:32', 0),
(262, 6, 28, 'hiii', '2018-08-22 15:34:46', 0),
(263, 6, 28, 'hello', '2018-08-22 15:35:06', 0),
(264, 2, 28, 'hello', '2018-08-22 15:37:03', 0),
(265, 2, 28, 'hiu', '2018-08-22 15:37:12', 0),
(266, 2, 28, 'hidij', '2018-08-22 15:37:18', 0),
(267, 2, 28, 'asfgdhh', '2018-08-22 15:37:30', 0),
(268, 2, 28, 'gshbsgrh', '2018-08-22 15:37:36', 0),
(269, 2, 28, 'dyhsveveh', '2018-08-22 15:37:40', 0),
(270, 6, 28, 'hdgdgn', '2018-08-22 15:38:34', 0),
(271, 6, 28, 'yegeveb', '2018-08-22 15:38:37', 0),
(272, 6, 28, 'vshsbsn', '2018-08-22 15:40:10', 0),
(273, 6, 28, 'gdgevebw', '2018-08-22 15:40:16', 0),
(274, 6, 28, 'gdgevebw', '2018-08-22 15:40:15', 0),
(275, 6, 28, 'dbbsbsj', '2018-08-22 15:40:30', 0),
(276, 6, 28, 'dbbsbsj', '2018-08-22 15:40:31', 0),
(277, 6, 28, 'gdhhsgsg', '2018-08-22 15:40:39', 0),
(278, 6, 28, 'gdhhsgsg', '2018-08-22 15:40:38', 0),
(279, 6, 28, 'gdhhsgsg', '2018-08-22 15:40:36', 0),
(280, 6, 28, 'gdhhsgsg', '2018-08-22 15:40:39', 0),
(281, 19, 28, 'gshshdg', '2018-08-22 15:42:33', 0),
(282, 19, 28, 'hdhhdhd', '2018-08-22 15:42:36', 0),
(283, 19, 28, 'hdhdgd', '2018-08-22 15:42:40', 0),
(284, 19, 28, 'hehrhrh', '2018-08-22 15:42:44', 0),
(285, 19, 28, 'hdhdhd', '2018-08-22 15:42:47', 0),
(286, 24, 28, 'gdhs sn', '2018-08-22 15:44:03', 0),
(287, 24, 28, 'hshewvsg', '2018-08-22 15:44:06', 0),
(288, 19, 28, 'gdgd hi', '2018-08-22 15:46:11', 0),
(289, 19, 28, 'gvsvsvw', '2018-08-22 15:46:13', 0),
(293, 1, 7, 'hiiii', '2018-08-22 15:52:32', 7),
(294, 1, 7, 'hello', '2018-08-22 15:56:51', 7),
(295, 1, 7, 'hisvdvbs', '2018-08-22 15:56:55', 7),
(296, 1, 7, 'vxhjjkdhhai', '2018-08-22 15:57:40', 7),
(297, 1, 7, 'ayidfhjw', '2018-08-22 15:58:50', 7),
(298, 1, 7, 'hello', '2018-08-22 16:00:42', 7),
(299, 1, 7, 'good afternoon', '2018-08-22 16:13:28', 7),
(300, 1, 7, 'hello', '2018-08-22 16:17:36', 7),
(301, 1, 7, 'hello', '2018-08-22 16:17:39', 7),
(302, 1, 7, 'hello', '2018-08-22 16:17:38', 7),
(303, 1, 7, 'hello', '2018-08-22 16:17:39', 7),
(304, 1, 7, 'hello', '2018-08-22 16:17:38', 7),
(305, 1, 7, 'huu', '2018-08-22 16:19:33', 7),
(306, 1, 7, 'huu', '2018-08-22 16:24:42', 7),
(307, 1, 7, 'gshhwg', '2018-08-22 16:28:28', 7),
(310, 28, 2, 'hello customer', '2018-08-16 12:18:16', 2),
(311, 23, 28, 'gshsh', '2018-08-22 16:55:18', 0),
(312, 28, 2, 'hello customer', '2018-08-16 12:18:16', 2),
(313, 23, 28, 'hello', '2018-08-22 16:56:44', 0),
(314, 28, 1, 'hello customer', '2018-08-16 12:18:16', 1),
(315, 28, 1, 'hello customer', '2018-08-16 12:18:16', 1),
(316, 23, 28, 'hii', '2018-08-22 17:03:04', 0),
(317, 23, 28, 'hii', '2018-08-22 17:03:25', 0),
(318, 23, 28, 'hello', '2018-08-22 17:05:47', 0),
(319, 23, 28, 'hii', '2018-08-22 17:06:11', 0),
(324, 28, 1, 'hello customer', '2018-08-16 12:18:16', 1),
(330, 19, 28, 'us FDA hahh', '2018-08-22 18:08:21', 0),
(331, 6, 28, 'hii', '2018-08-22 18:36:26', 0),
(334, 19, 28, 'hyy', '2018-08-22 18:43:10', 0),
(335, 23, 28, 'hy', '2018-08-22 18:43:45', 0),
(336, 23, 28, 'hi', '2018-08-22 18:45:07', 0),
(337, 24, 28, 'hii', '2018-08-22 18:48:23', 0),
(338, 23, 28, 'hello', '2018-08-22 19:18:10', 0),
(342, 7, 66, 'jhxixgizgizgksgkgkskgdkgsyksgksykzkysyozoysoydoysyksoydkysly', '2018-08-24 13:13:59', 0),
(343, 66, 7, 'hello', '2018-08-24 13:20:56', 0),
(344, 66, 7, 'hi', '2018-08-24 13:21:10', 0),
(345, 7, 66, 'hello', '2018-08-24 13:21:25', 0),
(346, 66, 7, 'hdjdjd', '2018-08-24 13:21:57', 0),
(355, 2, 1, 'one to three', '2018-08-08 00:00:00', 1),
(356, 1, 2, 'one to three', '2018-08-08 00:00:00', 2),
(360, 1, 2, 'one to threefor', '2018-08-08 00:00:00', 2),
(361, 16, 17, 'one to threefor', '2018-08-08 00:00:00', 0),
(362, 17, 16, 'one to threefor', '2018-08-08 00:00:00', 0),
(363, 17, 16, 'one to threefor', '2018-08-08 00:00:00', 0),
(364, 12, 8, 'xys', '2018-08-08 00:00:00', 0),
(365, 8, 12, 'xys', '2018-08-08 00:00:00', 0),
(366, 8, 12, 'xys', '2018-08-08 00:00:00', 0),
(369, 8, 12, 'xys', '2018-08-08 00:00:00', 0),
(370, 1, 2, 'xys', '2018-08-08 00:00:00', 2),
(371, 1, 2, 'xys', '2018-08-08 00:00:00', 2),
(372, 2, 1, 'xys', '2018-08-08 00:00:00', 1),
(373, 2, 1, 'xys', '2018-08-08 00:00:00', 1),
(374, 2, 1, 'xys', '2018-08-08 00:00:00', 1),
(375, 2, 1, 'xys', '2018-08-08 00:00:00', 1),
(376, 2, 1, 'xys', '2018-08-08 00:00:00', 1),
(377, 2, 1, 'xys', '2018-08-08 00:00:00', 1),
(378, 2, 1, 'xys', '2018-08-08 00:00:00', 1),
(379, 2, 1, 'xys', '2018-08-08 00:00:00', 1),
(380, 2, 1, 'xys', '2018-08-08 00:00:00', 1),
(381, 2, 1, 'xys', '2018-08-08 00:00:00', 1),
(382, 2, 1, 'hello', '2018-08-08 00:00:00', 1),
(383, 2, 1, 'hello', '2018-08-08 00:00:00', 1),
(384, 2, 1, 'hello', '2018-08-08 00:00:00', 1),
(385, 1, 2, 'hello', '2018-08-08 00:00:00', 2),
(386, 1, 2, 'hello', '2018-08-08 00:00:00', 2),
(387, 1, 2, 'hello', '2018-08-08 00:00:00', 2),
(391, 1, 2, 'hello', '2018-08-08 00:00:00', 2),
(392, 1, 2, 'hello', '2018-08-08 00:00:00', 2),
(393, 1, 2, 'hello', '2018-08-08 00:00:00', 2),
(394, 1, 2, 'hello', '2018-08-08 00:00:00', 2),
(395, 1, 2, 'hello', '2018-08-08 00:00:00', 2),
(396, 1, 2, 'hello', '2018-08-08 00:00:00', 2),
(397, 1, 2, 'hello', '2018-08-08 00:00:00', 2),
(398, 1, 2, 'hello', '2018-08-08 00:00:00', 2),
(399, 1, 2, 'hello', '2018-08-08 00:00:00', 2),
(400, 8, 12, 'hello patient', '2018-08-08 00:00:00', 0),
(401, 12, 8, 'hello doctor', '2018-08-08 00:00:00', 0),
(407, 1, 2, 'doctor here', '2018-08-08 00:00:00', 2),
(408, 1, 2, 'doctor here', '2018-08-08 00:00:00', 2),
(409, 1, 2, 'doctor here', '2018-08-08 00:00:00', 2),
(410, 1, 2, 'doctor here', '2018-08-08 00:00:00', 2),
(411, 1, 2, 'doctor here', '2018-08-08 00:00:00', 2),
(412, 1, 2, 'doctor here', '2018-08-08 00:00:00', 2),
(413, 1, 2, 'doctor here', '2018-08-08 00:00:00', 2),
(414, 1, 2, 'doctor here', '2018-08-08 00:00:00', 2),
(415, 1, 2, 'doctor here', '2018-08-08 00:00:00', 2),
(416, 1, 2, 'doctor here', '2018-08-08 00:00:00', 2),
(417, 1, 2, 'doctor here', '2018-08-08 00:00:00', 2),
(418, 1, 2, 'doctor here', '2018-08-08 00:00:00', 2),
(419, 1, 2, 'doctor here', '2018-08-08 00:00:00', 2),
(420, 1, 2, 'doctor here', '2018-08-08 00:00:00', 2),
(421, 1, 2, 'doctor here', '2018-08-08 00:00:00', 2),
(422, 1, 2, 'doctor here', '2018-08-08 00:00:00', 2),
(423, 1, 2, 'doctor here', '2018-08-08 00:00:00', 2),
(424, 1, 2, 'doctor here', '2018-08-08 00:00:00', 2),
(454, 28, 1, 'hello usr', '0000-00-00 00:00:00', 1),
(455, 28, 1, 'hello p', '0000-00-00 00:00:00', 1),
(456, 28, 1, 'hello p', '2018-08-28 07:47:28', 1),
(468, 28, 1, 'hello p', '2018-08-28 09:08:19', 1),
(476, 28, 2, 'one to two', '2018-08-28 10:10:30', 2),
(477, 28, 2, 'one to two', '2018-08-28 10:13:18', 2),
(478, 28, 2, 'one to two', '2018-08-28 10:13:28', 2),
(506, 1, 2, 'one to two', '2018-08-28 11:39:40', 2),
(507, 16, 17, 'one to two', '2018-08-28 11:45:39', 0),
(508, 16, 17, 'one to two', '2018-08-28 11:49:13', 0),
(509, 1, 28, 'one to two', '2018-08-28 11:50:12', 0),
(510, 1, 28, 'one to two', '2018-08-28 11:52:34', 0),
(515, 1, 28, 'one to two', '2018-08-29 03:11:04', 0),
(516, 1, 28, 'one to two', '2018-08-29 03:15:27', 0),
(517, 1, 28, 'one to two', '2018-08-29 04:41:25', 0),
(519, 2, 7, 'one to two', '2018-08-29 04:42:55', 7),
(520, 7, 2, 'one to two', '2018-08-29 04:43:01', 0),
(524, 1, 2, 'one to two', '2018-08-29 05:10:12', 2),
(525, 1, 2, 'one to two', '2018-08-29 05:11:06', 2),
(526, 1, 2, 'one to two', '2018-08-29 05:11:11', 2),
(527, 1, 2, 'one to two', '2018-08-29 05:14:04', 2),
(528, 1, 2, 'one to two', '2018-08-29 05:15:52', 2),
(531, 1, 2, 'one to twodfgdg', '2018-08-29 10:51:41', 2),
(532, 1, 2, 'one to twodfgdg', '2018-08-29 10:52:04', 2),
(533, 1, 2, 'one to twodfgdg', '2018-08-29 10:54:12', 2),
(534, 1, 2, 'one to twodfgdg', '2018-08-29 10:54:15', 2),
(535, 1, 2, 'one to twodfgdg', '2018-08-29 10:54:16', 2),
(536, 1, 2, 'one to twodfgdg', '2018-08-29 10:58:13', 2),
(537, 1, 2, 'one to twodfgdg', '2018-08-29 10:58:53', 2),
(538, 1, 2, 'one to twodfgdg', '2018-08-29 10:59:10', 2),
(539, 1, 2, 'one to twodfgdg', '2018-08-29 10:59:51', 2),
(541, 1, 88, 'one to twodfgdg', '2018-08-29 11:06:57', 88),
(542, 2, 4, 'one to twodfgdg', '2018-08-29 11:09:46', 4),
(553, 1, 7, 'one to twodfgdg', '0000-00-00 00:00:00', 7),
(554, 1, 7, 'one toseven', '0000-00-00 00:00:00', 7),
(555, 1, 7, 'one toseven', '2018-08-29 12:26:50', 7),
(558, 1, 7, 'one toseven', '2018-08-29 12:28:00', 7),
(560, 1, 7, 'one toseven', '2018-08-29 12:28:32', 7),
(561, 1, 7, 'one toseven', '2018-08-29 12:29:22', 7),
(562, 1, 7, 'one toseven', '2018-08-29 12:29:33', 7),
(563, 1, 7, 'one toseven', '2018-08-29 12:29:39', 7),
(564, 1, 7, 'one toseven', '2018-08-29 12:31:02', 7),
(565, 1, 7, 'one toseven', '2018-08-29 12:31:44', 7),
(566, 1, 7, 'one toseven', '2018-08-29 12:31:54', 7),
(567, 1, 7, 'one toseven', '2018-08-29 12:32:44', 7),
(583, 1, 7, 'xyz', '2018-08-29 12:59:24', 7),
(584, 1, 7, 'xyz', '2018-08-29 13:01:41', 7),
(585, 1, 7, 'xyz', '2018-08-29 13:01:57', 7),
(592, 1, 7, 'rockstar', '2018-08-29 13:14:26', 7),
(596, 28, 1, 'rockstar', '2018-08-29 13:29:59', 1),
(603, 28, 1, 'rockstar', '2018-08-29 14:16:59', 1),
(613, 28, 1, 'deva', '2018-08-29 14:31:47', 1),
(614, 28, 1, 'deva', '2018-08-29 14:33:04', 1),
(615, 28, 1, 'deva', '2018-08-29 14:33:19', 1),
(616, 28, 1, 'd', '2018-08-29 14:35:27', 1),
(617, 28, 1, 'd', '2018-08-29 14:38:17', 1),
(618, 28, 1, 'e', '2018-08-29 14:40:39', 1),
(619, 28, 1, 'e', '2018-08-29 14:41:30', 1),
(620, 28, 1, 'v', '2018-08-29 14:42:37', 1),
(621, 16, 1, 'v', '2018-08-29 14:46:05', 0),
(677, 1, 2, 'doctor here', '2018-08-31 12:28:07', 2),
(803, 7, 10, 'dfadfafdf', '2018-09-08 12:07:26', 0),
(804, 7, 10, 'dfadfafdf', '2018-09-08 12:07:37', 0),
(805, 1, 2, 'dfadfafdf', '2018-09-08 12:08:56', 2),
(827, 2, 32, 'hi this is Mark here', '2018-09-08 16:13:20', 2),
(882, 32, 33, 'abc', '2018-09-13 14:53:58', 33),
(883, 33, 32, 'xyz', '2018-09-13 14:55:18', 32),
(884, 33, 32, 'hii', '2018-09-13 14:56:40', 32),
(918, 88, 7, 'good noon', '2018-09-17 14:46:42', 0),
(950, 2, 7, 'what', '2018-09-17 14:53:44', 0),
(951, 2, 7, 'what', '2018-09-17 14:53:45', 0),
(952, 2, 7, 'what', '2018-09-17 14:53:45', 0),
(953, 2, 7, 'what', '2018-09-17 14:53:45', 0),
(954, 2, 7, 'what', '2018-09-17 14:53:45', 0),
(955, 2, 7, 'what', '2018-09-17 14:53:46', 0),
(961, 176, 179, 'hello', '2018-09-17 15:01:56', 179),
(962, 176, 179, 'hello', '2018-09-17 15:02:14', 179),
(963, 176, 179, 'a', '2018-09-17 15:02:19', 179),
(964, 176, 179, 'a', '2018-09-17 15:02:20', 179),
(965, 176, 179, 'a', '2018-09-17 15:02:20', 179),
(966, 176, 179, 'a', '2018-09-17 15:02:45', 179),
(967, 176, 179, 'a', '2018-09-17 15:02:45', 179),
(968, 176, 179, 'a', '2018-09-17 15:02:45', 179),
(969, 176, 179, 'a', '2018-09-17 15:02:46', 179),
(970, 176, 179, 'g', '2018-09-17 15:03:06', 179),
(971, 176, 179, 'gg', '2018-09-17 15:03:18', 179),
(972, 176, 179, 'gg', '2018-09-17 15:03:18', 179),
(973, 176, 179, 'gg', '2018-09-17 15:03:18', 179),
(974, 176, 179, 'cfff', '2018-09-17 15:03:42', 179),
(975, 176, 179, 'haha', '2018-09-17 15:06:07', 179),
(976, 176, 179, 'a', '2018-09-17 15:06:12', 179),
(977, 176, 179, 'a', '2018-09-17 15:06:15', 179),
(979, 176, 179, 'hello', '2018-09-17 15:08:09', 179),
(982, 176, 179, 'hello', '2018-09-17 15:15:39', 179),
(984, 176, 179, 'hello', '2018-09-17 15:17:06', 179),
(985, 176, 179, 'hey there', '2018-09-17 15:19:31', 179),
(987, 88, 7, 'good noon', '2018-09-17 15:20:55', 0),
(988, 88, 176, 'good noon', '2018-09-17 15:21:09', 0),
(989, 88, 7, 'good noon', '2018-09-17 15:21:26', 0),
(992, 176, 179, 'dbdb', '2018-09-17 15:22:09', 179),
(994, 176, 179, 'dndn', '2018-09-17 15:22:53', 179),
(996, 176, 179, 'hey there 1', '2018-09-17 15:23:47', 179),
(999, 176, 179, 'hey there 1', '2018-09-17 15:25:56', 179),
(1002, 176, 179, 'hey there 1', '2018-09-17 15:27:35', 179),
(1006, 176, 179, 'ok', '2018-09-17 15:37:42', 179),
(1007, 176, 179, 'good noon', '2018-09-17 15:43:26', 179),
(1008, 176, 179, 'kk', '2018-09-17 15:55:22', 179),
(1009, 176, 1, 'done', '2018-09-17 15:59:35', 0),
(1010, 176, 88, 'good morning', '2018-09-18 10:55:59', 0),
(1011, 176, 88, 'good morning', '2018-09-18 10:57:29', 0),
(1012, 176, 88, 'ok', '2018-09-18 10:58:42', 0),
(1013, 176, 88, 'kk', '2018-09-18 11:00:11', 0),
(1014, 176, 88, 'ok', '2018-09-18 11:10:18', 0),
(1015, 176, 88, 'yup', '2018-09-18 11:12:20', 0),
(1016, 176, 88, 'hmm', '2018-09-18 11:15:07', 0),
(1017, 176, 88, 'kk', '2018-09-18 11:16:50', 0),
(1018, 176, 88, 'hi', '2018-09-18 11:30:35', 0),
(1019, 176, 88, 'hello', '2018-09-18 11:30:48', 0),
(1020, 176, 88, 'hii', '2018-09-18 13:43:19', 0),
(1021, 176, 88, 'hello', '2018-09-18 13:46:27', 0),
(1022, 176, 88, 'hii', '2018-09-18 13:47:41', 0),
(1023, 176, 88, 'hello', '2018-09-18 14:10:34', 0),
(1024, 176, 88, 'hii', '2018-09-18 14:10:45', 0),
(1025, 176, 88, 'rf', '2018-09-18 14:10:53', 0),
(1026, 176, 88, 'rtt', '2018-09-18 14:11:00', 0),
(1027, 176, 88, 'hello', '2018-09-18 14:12:09', 0),
(1028, 176, 88, 'hii', '2018-09-18 14:14:18', 0),
(1029, 176, 88, 'hello', '2018-09-18 14:18:31', 0),
(1030, 176, 88, 'hii', '2018-09-18 14:19:28', 0),
(1031, 176, 88, 'hdhsh', '2018-09-18 14:19:34', 0),
(1034, 2, 7, 'hello', '2018-09-19 13:39:33', 0),
(1148, 88, 7, 'good afternoon', '2018-09-20 12:36:35', 0),
(1149, 88, 7, 'xbdvk', '2018-09-20 12:38:28', 0),
(1150, 88, 7, 'fjsjgd', '2018-09-20 12:41:09', 0),
(1151, 7, 88, 'Jnz', '2018-09-20 12:41:34', 0),
(1153, 88, 7, 'zjkz', '2018-09-20 12:58:47', 0),
(1154, 88, 7, 'bzzm', '2018-09-20 12:58:49', 0),
(1155, 88, 7, 'dhns', '2018-09-20 12:58:53', 0),
(1156, 88, 7, 'bzmz', '2018-09-20 12:58:59', 0),
(1157, 88, 7, 'NM', '2018-09-20 12:59:07', 0),
(1158, 7, 88, 'anam', '2018-09-20 12:59:33', 0),
(1174, 7, 88, 'hii', '2018-10-04 12:16:00', 0),
(1175, 7, 88, 'hello', '2018-10-04 12:16:39', 0),
(1247, 171, 188, 'hii', '2018-10-05 11:50:21', 188),
(1248, 176, 188, 'hello', '2018-10-05 12:14:51', 0),
(1272, 189, 187, 'Since last 3 weeks', '2018-10-05 13:33:13', 189),
(1273, 187, 189, 'ok', '2018-10-05 13:33:26', 189),
(1274, 187, 189, 'Are you from Rajkot ?', '2018-10-05 13:33:49', 189),
(1275, 189, 187, 'Yes any doubt ?', '2018-10-05 13:34:03', 189),
(1276, 187, 189, 'Taklif to reva ni bhai', '2018-10-05 13:34:44', 189),
(1277, 187, 189, '????????????', '2018-10-05 13:34:51', 189),
(1278, 189, 187, 'Em na chale estimation proper aapo atle bdhi taklif door thase', '2018-10-05 13:35:26', 189),
(1279, 187, 189, 'ok Bye', '2018-10-05 13:35:40', 189),
(1280, 189, 187, 'Bbye', '2018-10-05 13:35:51', 189),
(1391, 7, 179, 'hello', '2018-10-08 18:20:50', 179),
(1392, 179, 7, 'hii', '2018-10-08 18:21:17', 0),
(1393, 179, 7, 'how are you?', '2018-10-08 18:21:44', 0),
(1394, 7, 179, 'fine', '2018-10-08 18:21:51', 0),
(1395, 7, 179, '\\uD83D\\uDE00', '2018-10-08 18:21:57', 0),
(1396, 7, 191, 'hello doctor', '2018-10-08 19:25:57', 0),
(1397, 191, 7, 'hi', '2018-10-08 19:26:08', 0),
(1398, 7, 191, 'i want you', '2018-10-08 19:26:20', 0),
(1399, 191, 7, 'yes', '2018-10-08 19:26:25', 0),
(1400, 7, 191, 'sure', '2018-10-08 19:26:28', 0),
(1401, 191, 7, 'imm available', '2018-10-08 19:26:36', 0),
(1402, 191, 7, 'ok', '2018-10-08 19:26:50', 0),
(1403, 191, 7, 'nice', '2018-10-08 19:26:54', 0),
(1404, 7, 191, 'good', '2018-10-08 19:27:02', 0),
(1405, 7, 191, '\\uD83D\\uDE01\\uD83D\\uDE01\\uD83D\\uDE01\\uD83D\\uDE01\\uD83D\\uDE01\\uD83D\\uDE01\\uD83D\\uDE01\\uD83D\\uDE01', '2018-10-08 19:27:19', 0),
(1406, 191, 7, 'lovely \\uD83D\\uDE0D\\uD83D\\uDE0D\\uD83D\\uDE0D\\uD83D\\uDE0D\\uD83D\\uDE0D', '2018-10-08 19:27:31', 0),
(1407, 191, 7, 'jsjdjdjd', '2018-10-08 19:27:43', 0),
(1408, 191, 7, 'i like anil', '2018-10-08 19:27:48', 0),
(1409, 7, 191, 'anil like Suresh', '2018-10-08 19:28:04', 0),
(1410, 191, 7, 'beee', '2018-10-08 19:28:06', 0),
(1411, 191, 7, 'lukhesh', '2018-10-08 19:28:14', 0),
(1412, 191, 7, 'kaam kar', '2018-10-08 19:28:18', 0),
(1413, 7, 191, 'bhoomi says beee', '2018-10-08 19:28:20', 0),
(1414, 191, 7, 'ba n kahu', '2018-10-08 19:28:23', 0),
(1415, 7, 191, 'jen kahu a kai de', '2018-10-08 19:28:34', 0),
(1416, 191, 7, 'ok', '2018-10-08 19:28:41', 0),
(1417, 7, 191, '\\uD83D\\uDE0E\\uD83D\\uDE0E\\uD83D\\uDE0E\\uD83D\\uDE0E', '2018-10-08 19:28:42', 0),
(1418, 191, 7, 'how does the', '2018-10-08 19:28:47', 0),
(1419, 191, 7, 'cat say', '2018-10-08 19:28:50', 0),
(1420, 191, 7, '??', '2018-10-08 19:28:52', 0),
(1421, 7, 191, '\\uD83D\\uDE3E\\uD83D\\uDE3E\\uD83D\\uDE3E\\uD83D\\uDE3E\\uD83D\\uDE3E', '2018-10-08 19:29:02', 0),
(1422, 7, 191, 'ok', '2018-10-08 19:29:43', 0),
(1423, 7, 191, 'nice', '2018-10-08 19:29:50', 0),
(1424, 191, 7, 'yup', '2018-10-08 19:30:40', 0),
(1425, 7, 191, 'aam na hoy bapu', '2018-10-08 19:31:41', 0),
(1426, 191, 7, '\\uD83E\\uDD23\\uD83E\\uDD23\\uD83E\\uDD23\\uD83E\\uDD23', '2018-10-08 19:31:56', 0),
(1427, 179, 7, 'hello', '2018-10-09 10:55:07', 0),
(1428, 7, 179, 'hiiii', '2018-10-09 10:55:18', 0),
(1429, 179, 7, 'good morning', '2018-10-09 10:55:45', 0),
(1430, 179, 7, 'ffsdfs', '2018-10-09 10:58:22', 0),
(1431, 179, 7, 'kkkk', '2018-10-09 11:03:58', 0),
(1432, 179, 7, 'fghfgh', '2018-10-09 11:04:28', 0),
(1433, 179, 7, 'ghfh', '2018-10-09 11:04:48', 0),
(1434, 179, 7, 'fghfgh', '2018-10-09 11:05:43', 0),
(1435, 191, 7, 'good morning', '2018-10-09 11:14:40', 0),
(1436, 7, 191, 'good morning', '2018-10-10 09:44:21', 0),
(1437, 7, 191, 'xjgdyj', '2018-10-10 09:46:10', 0),
(1438, 7, 191, 'gfgjjgdh', '2018-10-10 09:52:06', 0),
(1439, 7, 191, 'cns', '2018-10-10 10:10:12', 0),
(1440, 7, 191, 'mdgm', '2018-10-10 10:11:20', 0),
(1441, 191, 7, 'cfiyk', '2018-10-10 10:14:20', 0),
(1442, 7, 191, 'hello', '2018-10-18 16:20:08', 0),
(1443, 191, 7, 'good noon', '2018-10-18 16:20:42', 0),
(1444, 191, 7, 'hiii', '2018-10-18 16:25:36', 0),
(1445, 191, 7, 'jghfjh', '2018-10-18 16:26:04', 0),
(1446, 7, 191, 'cjfgch', '2018-10-18 16:28:59', 0),
(1447, 7, 179, 'hey there 1', '2018-10-18 16:30:22', 0),
(1448, 7, 179, 'hey there 1', '2018-10-18 16:30:31', 0),
(1449, 7, 179, 'hey there 1', '2018-10-18 16:30:43', 0),
(1450, 7, 179, 'hey there 1', '2018-10-18 16:35:03', 0),
(1451, 7, 179, 'hey there 1', '2018-10-18 16:50:17', 0),
(1452, 179, 7, 'vv b', '2018-10-18 16:51:15', 0),
(1453, 179, 7, 'ghgk', '2018-10-18 16:55:49', 0),
(1454, 191, 7, 'fgjhl', '2018-10-18 16:56:11', 0),
(1455, 191, 7, 'uyghl', '2018-10-18 16:56:44', 0),
(1456, 191, 7, 'good noon', '2018-10-18 16:57:12', 0),
(1457, 191, 7, 'uyhgj', '2018-10-18 16:58:02', 0),
(1458, 191, 7, 'dfgdfcg', '2018-10-18 16:58:42', 0);

-- --------------------------------------------------------

--
-- Table structure for table `configurations`
--

CREATE TABLE IF NOT EXISTS `configurations` (
  `iSettingId` int(11) NOT NULL AUTO_INCREMENT,
  `tDescription` text CHARACTER SET utf8 NOT NULL,
  `vName` varchar(255) CHARACTER SET utf8 NOT NULL,
  `vValue` varchar(255) CHARACTER SET utf8 NOT NULL,
  `eType` varchar(255) CHARACTER SET utf8 NOT NULL,
  `eStatus` enum('Active','Inactive') NOT NULL,
  `iOrderNo` int(11) NOT NULL,
  PRIMARY KEY (`iSettingId`)
) ENGINE=InnoDB  DEFAULT CHARSET=latin1 AUTO_INCREMENT=5 ;

--
-- Dumping data for table `configurations`
--

INSERT INTO `configurations` (`iSettingId`, `tDescription`, `vName`, `vValue`, `eType`, `eStatus`, `iOrderNo`) VALUES
(1, 'Site Name', 'SITE_NAME', 'Insta Alert App', 'General', 'Active', 1),
(2, 'Site Url', 'SITE_URL', 'api/busapp', 'General', 'Active', 2),
(3, 'Admin Email ID', 'EMAIL_ADMIN', 'superadmin@happyoccasion.com', 'General', 'Active', 3),
(4, 'Google PushNotification API Access Key', 'API_ACCESS_KEY', 'AAAABOl0Xv4:APA91bH3NIJ3ajQsuH-26nvBHmXBILB8y2iOrsoqbkOw9JwEENG_WiElzgb9qKJQRtrLmC3Pefxa-xFa2PpIKh6q370ec7Vp6GC2Y7AdOl_8QSbvO1jppvG0DzJGtsoUURYbG87fV2XO', 'General', 'Active', 4);

-- --------------------------------------------------------

--
-- Table structure for table `emailtemplate`
--

CREATE TABLE IF NOT EXISTS `emailtemplate` (
  `iEmailTemplateId` int(11) NOT NULL AUTO_INCREMENT,
  `vEmailCode` varchar(255) NOT NULL,
  `vEmailTitle` varchar(255) CHARACTER SET utf8 NOT NULL,
  `vFromName` varchar(255) CHARACTER SET utf8 NOT NULL,
  `vFromEmail` varchar(255) NOT NULL,
  `eEmailFormat` enum('HTML','Text') NOT NULL,
  `vEmailSubject` varchar(255) CHARACTER SET utf8 NOT NULL,
  `tEmailMessage` text CHARACTER SET utf8 NOT NULL,
  `vEmailFooter` varchar(255) NOT NULL,
  `eStatus` enum('Active','Inactive') NOT NULL,
  `eSendType` enum('Administrator') NOT NULL,
  PRIMARY KEY (`iEmailTemplateId`)
) ENGINE=InnoDB  DEFAULT CHARSET=latin1 AUTO_INCREMENT=7 ;

--
-- Dumping data for table `emailtemplate`
--

INSERT INTO `emailtemplate` (`iEmailTemplateId`, `vEmailCode`, `vEmailTitle`, `vFromName`, `vFromEmail`, `eEmailFormat`, `vEmailSubject`, `tEmailMessage`, `vEmailFooter`, `eStatus`, `eSendType`) VALUES
(2, 'RESET_PASSWORD', 'Reset Password', 'Administrator', 'support@doctorapp.com', 'HTML', 'New Password', '<!-- If you delete this tag, the sky will fall on your head -->\n<table border="0" cellpadding="0" cellspacing="0" style="width:96%">\n  <tbody>\n   <tr>\n      <td>\n      <table border="0" cellpadding="0" cellspacing="0" style="width:100%">\n       <tbody>\n         <tr>\n            <td><!-- HEADER -->\n           <table border="0" cellpadding="0" cellspacing="0" style="width:100%">\n             <tbody>\n               <tr>\n                  <td>doctorapp</td>\n                </tr>\n             </tbody>\n            </table>\n            <!-- /HEADER END --></td>\n         </tr>\n         <tr>\n            <td><!-- BODY -->\n           <table border="0" cellpadding="0" cellspacing="0" style="width:100%">\n             <tbody>\n               <tr>\n                  <td>Hello #NAME#,</td>\n                </tr>\n               \n                <tr>\n                  <td colspan="1">&nbsp;</td>\n               </tr>\n               <tr>\n                  <td>Your new generated password is :- #Password#,</td>\n                </tr>\n               <tr>\n                  <td colspan="1">&nbsp;</td>\n               </tr>\n               <tr>\n                  <td>Kind Regards,<br />\n                 doctorapp</td>\n                </tr>\n             </tbody>\n            </table>\n            </td>\n         </tr>\n       </tbody>\n      </table>\n      </td>\n   </tr>\n </tbody>\n</table>\n', 'Thank You!', 'Active', 'Administrator'),
(3, 'ADD_EDIT_REQUEST', 'Add Edit Request', 'Parent', 'support@doctorapp.com', 'HTML', 'Information Change Request', '<!-- If you delete this tag, the sky will fall on your head -->\n<table border="0" cellpadding="0" cellspacing="0" style="width:96%">\n <tbody>\n   <tr>\n      <td>\n      <table border="0" cellpadding="0" cellspacing="0" style="width:100%">\n       <tbody>\n         <tr>\n            <td>\n            <table border="0" cellpadding="0" cellspacing="0" style="width:100%">\n             <tbody>\n               <tr>\n                  <td>Hello #aFirstName# #aLastName#</td>\n               </tr>\n               <tr>\n                  <td>\n                  <p>#NAME# has requested to change #CHANGE#</p>\n                  </td>\n               </tr>\n               <tr>\n                  <td>Parent Name : #NAME#&nbsp; #vLastName#</td>\n               </tr>\n               <tr>\n                  <td colspan="1">&nbsp;</td>\n               </tr>\n               <tr>\n                  <td>Kind Regards,<br />\n                 doctorapp</td>\n                </tr>\n             </tbody>\n            </table>\n            </td>\n         </tr>\n       </tbody>\n      </table>\n      </td>\n   </tr>\n </tbody>\n</table>\n', 'Thank You!', 'Active', 'Administrator'),
(4, 'REGISTER', 'Thanks for Register ', 'Administrator', 'support@doctorapp.com', 'HTML', 'Thanks for Register ', '<!-- If you delete this tag, the sky will fall on your head -->\n<table border="0" cellpadding="0" cellspacing="0" style="width:96%">\n  <tbody>\n   <tr>\n      <td>\n      <table border="0" cellpadding="0" cellspacing="0" style="width:100%">\n       <tbody>\n         <tr>\n            <td><!-- HEADER -->\n           <table border="0" cellpadding="0" cellspacing="0" style="width:100%">\n             <tbody>\n               <tr>\n                  <td>doctorapp</td>\n                </tr>\n             </tbody>\n            </table>\n            <!-- /HEADER END --></td>\n         </tr>\n         <tr>\n            <td><!-- BODY -->\n           <table border="0" cellpadding="0" cellspacing="0" style="width:100%">\n             <tbody>\n               <tr>\n                  <td>Hello #NAME#,</td>\n                </tr>\n               \n                <tr>\n                  <td colspan="1">&nbsp;</td>\n               </tr>\n               <tr>\n                  <td colspan="1">Thanks for register with doctor app.</td>\n               </tr>\n               <tr>\n                  <td colspan="1">&nbsp;</td>\n               </tr>\n               <tr>\n                  <td>Your Login Credential is   :- Email:  #EMAIL#  Password: #Password#,</td>\n               </tr>\n               <tr>\n                  <td colspan="1">&nbsp;</td>\n               </tr>\n               <tr>\n                  <td>Kind Regards,<br />\n                 doctorapp</td>\n                </tr>\n             </tbody>\n            </table>\n            </td>\n         </tr>\n       </tbody>\n      </table>\n      </td>\n   </tr>\n </tbody>\n</table>\n', 'Thank You!', 'Active', 'Administrator'),
(5, 'REGISTER_DOCTOR', 'Thanks for Register ', 'Administrator', 'support@doctorapp.com', 'HTML', 'Thanks for Register ', '<!-- If you delete this tag, the sky will fall on your head -->\n<table border="0" cellpadding="0" cellspacing="0" style="width:96%">\n <tbody>\n   <tr>\n      <td>\n      <table border="0" cellpadding="0" cellspacing="0" style="width:100%">\n       <tbody>\n         <tr>\n            <td><!-- HEADER -->\n           <table border="0" cellpadding="0" cellspacing="0" style="width:100%">\n             <tbody>\n               <tr>\n                  <td>doctorapp</td>\n                </tr>\n             </tbody>\n            </table>\n            <!-- /HEADER END --></td>\n         </tr>\n         <tr>\n            <td><!-- BODY -->\n           <table border="0" cellpadding="0" cellspacing="0" style="width:100%">\n             <tbody>\n               <tr>\n                  <td>Hello #NAME#,</td>\n                </tr>\n               \n                <tr>\n                  <td colspan="1">&nbsp;</td>\n               </tr>\n               <tr>\n                  <td colspan="1">Thanks for register with doctor app.</td>\n               </tr>\n               <tr>\n                  <td colspan="1">&nbsp;</td>\n               </tr>\n               <tr>\n                  <td>Your Login Credential is   :- Email:  #EMAIL#  Password: #Password#,</td>\n               </tr>\n               <tr>\n                  <td colspan="1">&nbsp;</td>\n               </tr>\n               <tr>\n                  <td>Kind Regards,<br />\n               doctorapp</td>\n                </tr>\n             </tbody>\n            </table>\n            </td>\n         </tr>\n       </tbody>\n      </table>\n      </td>\n   </tr>\n </tbody>\n</table>\n', 'Thank You!', 'Active', 'Administrator'),
(6, 'FORGOT_PASSWORD', 'Reset Password', 'Administrator', 'support@doctorapp.com', 'HTML', 'Forgot Password', '<!-- If you delete this tag, the sky will fall on your head -->\r\n<p>Email</p>\r\n\r\n<table border="0" cellpadding="0" cellspacing="0" style="width:96%">\r\n  <tbody>\r\n   <tr>\r\n      <td>\r\n      <table border="0" cellpadding="0" cellspacing="0" style="width:100%">\r\n       <tbody>\r\n         <tr>\r\n            <td><!-- HEADER -->\r\n           <table border="0" cellpadding="0" cellspacing="0" style="width:100%">\r\n             <tbody>\r\n               <tr>\r\n                  <td>Doctorapp</td>\r\n                </tr>\r\n             </tbody>\r\n            </table>\r\n            <!-- /HEADER END --></td>\r\n         </tr>\r\n         <tr>\r\n            <td><!-- BODY -->\r\n           <table border="0" cellpadding="0" cellspacing="0" style="width:100%">\r\n             <tbody>\r\n               <tr>\r\n                  <td>Hello #NAME#,</td>\r\n                </tr>\r\n               <tr>\r\n                  <td>\r\n                  <p>Please click for a Reset Password</p>\r\n                  </td>\r\n               </tr>\r\n               <tr>\r\n                  <td>&nbsp;</td>\r\n               </tr>\r\n               <tr>\r\n                  <td style="background-color:#f39c12; text-align:center!important; width:40%"><a href="#LINK#" target="_blank">Reset Password</a></td>\r\n               </tr>\r\n               <tr>\r\n                  <td>&nbsp;</td>\r\n               </tr>\r\n               <tr>\r\n                  <td colspan="1">&nbsp;</td>\r\n               </tr>\r\n               <tr>\r\n                  <td>Kind Regards,<br />\r\n                 Doctorapp</td>\r\n                </tr>\r\n             </tbody>\r\n            </table>\r\n            </td>\r\n         </tr>\r\n       </tbody>\r\n      </table>\r\n      </td>\r\n   </tr>\r\n </tbody>\r\n</table>\r\n', 'Thank You!', 'Active', 'Administrator');

-- --------------------------------------------------------

--
-- Table structure for table `languages`
--

CREATE TABLE IF NOT EXISTS `languages` (
  `id` int(11) NOT NULL AUTO_INCREMENT,
  `language_name` varchar(100) CHARACTER SET utf8 NOT NULL,
  `slug` varchar(10) CHARACTER SET utf8 NOT NULL,
  `language_directory` varchar(100) CHARACTER SET utf8 NOT NULL,
  `language_code` varchar(100) CHARACTER SET utf8 NOT NULL,
  `default` tinyint(1) NOT NULL,
  `eStatus` enum('Active','Inactive') NOT NULL,
  PRIMARY KEY (`id`)
) ENGINE=InnoDB  DEFAULT CHARSET=latin1 AUTO_INCREMENT=3 ;

--
-- Dumping data for table `languages`
--

INSERT INTO `languages` (`id`, `language_name`, `slug`, `language_directory`, `language_code`, `default`, `eStatus`) VALUES
(1, 'عربى', 'sa', 'arabic', 'ar_SA', 1, 'Inactive'),
(2, 'English', 'en', 'english', 'en_US', 0, 'Active');

-- --------------------------------------------------------

--
-- Table structure for table `log_history`
--

CREATE TABLE IF NOT EXISTS `log_history` (
  `iId` int(11) NOT NULL AUTO_INCREMENT,
  `tMethod` text CHARACTER SET utf8 NOT NULL,
  `tRequestParameter` text CHARACTER SET utf8 NOT NULL,
  `tResponse` text CHARACTER SET utf8 NOT NULL,
  `vDateTime` datetime NOT NULL,
  PRIMARY KEY (`iId`)
) ENGINE=InnoDB DEFAULT CHARSET=latin1 AUTO_INCREMENT=1 ;

-- --------------------------------------------------------

--
-- Table structure for table `push_notification_text`
--

CREATE TABLE IF NOT EXISTS `push_notification_text` (
  `iPushNotificationId` int(11) NOT NULL AUTO_INCREMENT,
  `tText` text CHARACTER SET utf8 NOT NULL,
  `vMsgCode` varchar(4) NOT NULL,
  `eStatus` enum('Active','Inactive') NOT NULL,
  PRIMARY KEY (`iPushNotificationId`)
) ENGINE=InnoDB  DEFAULT CHARSET=latin1 AUTO_INCREMENT=3 ;

--
-- Dumping data for table `push_notification_text`
--

INSERT INTO `push_notification_text` (`iPushNotificationId`, `tText`, `vMsgCode`, `eStatus`) VALUES
(1, '#FROM# send request for #START# to #END#', 'RSSP', 'Active'),
(2, '#USER# accepted your requests.', 'SPRA', 'Active');

-- --------------------------------------------------------

--
-- Table structure for table `push_notification_users`
--

CREATE TABLE IF NOT EXISTS `push_notification_users` (
  `iNotificationId` int(11) NOT NULL AUTO_INCREMENT,
  `iUserId` int(11) NOT NULL,
  `iFromId` int(11) NOT NULL,
  `tMessage` text NOT NULL,
  `eDateTime` datetime NOT NULL,
  PRIMARY KEY (`iNotificationId`)
) ENGINE=InnoDB  DEFAULT CHARSET=latin1 AUTO_INCREMENT=463 ;

--
-- Dumping data for table `push_notification_users`
--

INSERT INTO `push_notification_users` (`iNotificationId`, `iUserId`, `iFromId`, `tMessage`, `eDateTime`) VALUES
(1, 2, 0, 'hello', '2018-08-22 09:14:12'),
(2, 7, 0, 'zzz', '2018-08-16 12:18:16'),
(3, 7, 0, 'xzy', '2018-08-16 12:18:16'),
(4, 24, 0, 'hello', '2018-08-21 15:40:34'),
(5, 24, 0, 'hello', '2018-08-21 15:40:35'),
(6, 6, 0, 'hello', '2018-08-21 15:42:17'),
(8, 7, 0, 'hello user', '2018-08-16 12:18:16'),
(9, 7, 0, 'Hii', '2018-08-22 11:07:48'),
(10, 6, 2, 'hello', '2018-08-16 12:18:16'),
(11, 6, 2, 'hello customer', '2018-08-16 12:18:16'),
(12, 2, 28, 'hii', '2018-08-22 15:27:32'),
(13, 6, 28, 'hiii', '2018-08-22 15:34:46'),
(14, 6, 28, 'hello', '2018-08-22 15:35:06'),
(15, 2, 28, 'hello', '2018-08-22 15:37:03'),
(16, 2, 28, 'hiu', '2018-08-22 15:37:12'),
(17, 2, 28, 'hidij', '2018-08-22 15:37:18'),
(18, 2, 28, 'asfgdhh', '2018-08-22 15:37:30'),
(19, 2, 28, 'gshbsgrh', '2018-08-22 15:37:36'),
(20, 2, 28, 'dyhsveveh', '2018-08-22 15:37:40'),
(21, 6, 28, 'hdgdgn', '2018-08-22 15:38:34'),
(22, 6, 28, 'yegeveb', '2018-08-22 15:38:37'),
(23, 6, 28, 'vshsbsn', '2018-08-22 15:40:10'),
(24, 6, 28, 'gdgevebw', '2018-08-22 15:40:16'),
(25, 6, 28, 'gdgevebw', '2018-08-22 15:40:15'),
(26, 6, 28, 'dbbsbsj', '2018-08-22 15:40:30'),
(27, 6, 28, 'dbbsbsj', '2018-08-22 15:40:31'),
(28, 6, 28, 'gdhhsgsg', '2018-08-22 15:40:39'),
(29, 6, 28, 'gdhhsgsg', '2018-08-22 15:40:38'),
(30, 6, 28, 'gdhhsgsg', '2018-08-22 15:40:36'),
(31, 6, 28, 'gdhhsgsg', '2018-08-22 15:40:39'),
(32, 19, 28, 'gshshdg', '2018-08-22 15:42:33'),
(33, 19, 28, 'hdhhdhd', '2018-08-22 15:42:36'),
(34, 19, 28, 'hdhdgd', '2018-08-22 15:42:40'),
(35, 19, 28, 'hehrhrh', '2018-08-22 15:42:44'),
(36, 19, 28, 'hdhdhd', '2018-08-22 15:42:47'),
(37, 24, 28, 'gdhs sn', '2018-08-22 15:44:03'),
(38, 24, 28, 'hshewvsg', '2018-08-22 15:44:06'),
(39, 19, 28, 'gdgd hi', '2018-08-22 15:46:11'),
(40, 19, 28, 'gvsvsvw', '2018-08-22 15:46:13'),
(41, 23, 28, 'gshsh', '2018-08-22 16:55:18'),
(42, 28, 2, 'hello customer', '2018-08-16 12:18:16'),
(43, 23, 28, 'hello', '2018-08-22 16:56:44'),
(44, 28, 1, 'hello customer', '2018-08-16 12:18:16'),
(45, 23, 28, 'hello', '2018-08-22 17:05:47'),
(46, 23, 28, 'hii', '2018-08-22 17:06:11'),
(47, 28, 7, 'efgh', '2018-08-13 18:25:04'),
(48, 28, 7, 'hello guys', '2018-08-13 18:25:04'),
(50, 28, 7, 'hii', '2018-08-22 17:52:34'),
(51, 19, 28, 'us FDA hahh', '2018-08-22 18:08:21'),
(52, 6, 28, 'hii', '2018-08-22 18:36:26'),
(55, 19, 28, 'hyy', '2018-08-22 18:43:10'),
(56, 23, 28, 'hy', '2018-08-22 18:43:45'),
(57, 23, 28, 'hi', '2018-08-22 18:45:07'),
(58, 24, 28, 'hii', '2018-08-22 18:48:23'),
(59, 23, 28, 'hello', '2018-08-22 19:18:10'),
(60, 28, 7, 'good afternoon', '2018-08-23 16:46:24'),
(62, 66, 7, 'hello', '2018-08-24 13:20:56'),
(63, 66, 7, 'hi', '2018-08-24 13:21:10'),
(64, 66, 7, 'hdjdjd', '2018-08-24 13:21:57'),
(65, 66, 7, 'Ok i got ', '0000-00-00 00:00:00'),
(66, 66, 7, 'yes i was looking in it', '0000-00-00 00:00:00'),
(67, 66, 7, 'jzjsjjsjsjsjbdhdbdjdbdibdhdbdjdbhdjhdjdbdjdhhdhhdbbdbdndndjndndndnd', '0000-00-00 00:00:00'),
(68, 66, 7, 'bdjsjushxusbxhbdhzhdn\n\nx\nd\nd\n\nd\nd\nd\nd\n\nd\ne\ne\ne\n\ne\ne\n', '0000-00-00 00:00:00'),
(70, 28, 7, 'hii', '2018-08-25 16:48:20'),
(71, 28, 7, 'cffbdv', '2018-08-25 16:50:07'),
(72, 28, 7, 'dvbd,', '2018-08-25 16:50:29'),
(73, 28, 7, 'xsvsvd', '2018-08-25 16:51:04'),
(75, 28, 7, 'hii', '2018-08-25 16:59:24'),
(77, 2, 1, 'one to three', '2018-08-08 00:00:00'),
(78, 28, 7, 'bjjhdf', '2018-08-25 17:03:44'),
(79, 28, 7, 'dhk', '2018-08-25 17:04:37'),
(80, 28, 7, 'dhk', '2018-08-25 17:04:37'),
(81, 16, 17, 'one to threefor', '2018-08-08 00:00:00'),
(82, 17, 16, 'one to threefor', '2018-08-08 00:00:00'),
(83, 17, 16, 'one to threefor', '2018-08-08 00:00:00'),
(84, 12, 8, 'xys', '2018-08-08 00:00:00'),
(85, 8, 12, 'xys', '2018-08-08 00:00:00'),
(86, 8, 12, 'xys', '2018-08-08 00:00:00'),
(88, 28, 7, 'hii', '2018-08-27 10:42:52'),
(89, 8, 12, 'xys', '2018-08-08 00:00:00'),
(90, 1, 2, 'xys', '2018-08-08 00:00:00'),
(91, 1, 2, 'xys', '2018-08-08 00:00:00'),
(92, 2, 1, 'xys', '2018-08-08 00:00:00'),
(93, 2, 1, 'xys', '2018-08-08 00:00:00'),
(94, 2, 1, 'xys', '2018-08-08 00:00:00'),
(100, 1, 2, 'hello', '2018-08-08 00:00:00'),
(104, 8, 12, 'hello patient', '2018-08-08 00:00:00'),
(105, 12, 8, 'hello doctor', '2018-08-08 00:00:00'),
(106, 28, 7, 'hiiii', '2018-08-27 12:03:31'),
(107, 28, 7, 'hello', '2018-08-27 12:03:34'),
(108, 28, 7, 'hello users', '2018-08-27 12:06:00'),
(122, 28, 7, 'hello', '2018-08-27 14:45:18'),
(125, 28, 7, 'hello', '2018-08-27 15:35:37'),
(136, 88, 7, 'hii', '0000-00-00 00:00:00'),
(155, 88, 7, 'dyhuk', '0000-00-00 00:00:00'),
(156, 88, 7, 'ghg', '0000-00-00 00:00:00'),
(157, 88, 7, 'ssfdf\nvml\nghhj\nbnmc\nbkj,.\njhlnk', '0000-00-00 00:00:00'),
(158, 88, 7, 'hiiii', '0000-00-00 00:00:00'),
(159, 88, 7, 'hello', '0000-00-00 00:00:00'),
(165, 88, 7, 'fgfhgj', '0000-00-00 00:00:00'),
(166, 88, 7, 'vcnbv', '0000-00-00 00:00:00'),
(167, 88, 7, 'h vcxvb', '0000-00-00 00:00:00'),
(169, 88, 7, 'fghfghg', '0000-00-00 00:00:00'),
(170, 88, 7, 'hfghgj', '0000-00-00 00:00:00'),
(171, 88, 7, 'dfdfghfg', '0000-00-00 00:00:00'),
(173, 88, 7, 'ghkjl;;', '0000-00-00 00:00:00'),
(174, 88, 7, 'fggfh', '0000-00-00 00:00:00'),
(175, 88, 7, 'cgmh', '0000-00-00 00:00:00'),
(177, 1, 2, 'one to two', '0000-00-00 00:00:00'),
(178, 16, 17, 'one to two', '0000-00-00 00:00:00'),
(179, 16, 17, 'one to two', '0000-00-00 00:00:00'),
(180, 1, 28, 'one to two', '0000-00-00 00:00:00'),
(181, 1, 28, 'one to two', '0000-00-00 00:00:00'),
(182, 88, 7, 'jghkl', '0000-00-00 00:00:00'),
(183, 88, 7, 'jghkl', '0000-00-00 00:00:00'),
(184, 88, 7, 'jghkl', '0000-00-00 00:00:00'),
(185, 88, 7, 'hello guys', '0000-00-00 00:00:00'),
(186, 1, 28, 'one to two', '0000-00-00 00:00:00'),
(187, 1, 28, 'one to two', '0000-00-00 00:00:00'),
(188, 1, 28, 'one to two', '0000-00-00 00:00:00'),
(189, 88, 7, 'hello guys', '0000-00-00 00:00:00'),
(190, 2, 7, 'one to two', '0000-00-00 00:00:00'),
(192, 88, 7, 'good morning', '0000-00-00 00:00:00'),
(200, 1, 2, 'one to twodfgdg', '2018-08-29 10:51:41'),
(201, 1, 2, 'one to twodfgdg', '2018-08-29 10:52:04'),
(202, 1, 2, 'one to twodfgdg', '2018-08-29 10:54:12'),
(203, 1, 2, 'one to twodfgdg', '2018-08-29 10:54:15'),
(204, 1, 2, 'one to twodfgdg', '2018-08-29 10:54:16'),
(205, 1, 2, 'one to twodfgdg', '2018-08-29 10:58:13'),
(206, 1, 2, 'one to twodfgdg', '2018-08-29 10:58:53'),
(207, 1, 2, 'one to twodfgdg', '2018-08-29 10:59:51'),
(209, 1, 88, 'one to twodfgdg', '2018-08-29 11:06:57'),
(210, 2, 4, 'one to twodfgdg', '2018-08-29 11:09:46'),
(212, 88, 7, 'good morning', '2018-08-29 11:17:53'),
(213, 88, 7, 'hi there', '2018-08-29 11:19:56'),
(214, 88, 7, 'hello there', '2018-08-29 11:20:25'),
(215, 88, 7, 'hii', '2018-08-29 11:24:18'),
(216, 88, 7, ' hello', '2018-08-29 11:26:17'),
(220, 88, 7, 'one to twodfgdg', '0000-00-00 00:00:00'),
(221, 1, 7, 'one to twodfgdg', '0000-00-00 00:00:00'),
(222, 1, 7, 'one toseven', '0000-00-00 00:00:00'),
(223, 1, 7, 'one toseven', '2018-08-29 12:32:44'),
(225, 88, 7, 'hi', '2018-08-29 12:37:52'),
(231, 1, 7, 'xyz', '2018-08-29 13:01:57'),
(238, 1, 7, 'rockstar', '2018-08-29 13:14:26'),
(248, 16, 1, 'v', '2018-08-29 14:46:05'),
(297, 170, 7, 'I m fine', '2018-08-30 19:08:23'),
(298, 170, 7, 'hi', '2018-08-30 19:09:01'),
(299, 170, 7, 'hello', '2018-08-30 19:09:11'),
(300, 170, 7, 'hyujj', '2018-08-30 19:09:23'),
(301, 170, 7, 'I jfvcjcudhs', '2018-08-30 19:09:45'),
(302, 170, 7, 'hi', '2018-08-30 19:21:30'),
(303, 170, 7, 'yhh', '2018-08-30 19:21:36'),
(304, 32, 7, 'hjdjjdhdhdh', '0000-00-00 00:00:00'),
(305, 32, 7, 'ndjjdjdnfjdjndjddjcjfhxuhdbdhhebdbe\nd\nd\ndd\nd\nd\nd\n\nd\nd\nd\ndjdjjdjdsjdjdd\nd\n\nd\nd\nd\n\nd\nd\n\ndjdjjdjdjdj', '0000-00-00 00:00:00'),
(307, 1, 7, 'I want to be with you again soon and we can go from there to', '0000-00-00 00:00:00'),
(308, 1, 7, 'I', '0000-00-00 00:00:00'),
(309, 1, 7, 'I want you so you can see what', '0000-00-00 00:00:00'),
(310, 1, 7, 'I want to be with you and your family', '0000-00-00 00:00:00'),
(428, 1, 7, 'frame is working like linear way, it take pictures in sequence in every second , it also take photo per second like 9 images and create one frame', '0000-00-00 00:00:00'),
(429, 1, 7, 'hi', '0000-00-00 00:00:00'),
(430, 28, 7, 'cool', '0000-00-00 00:00:00'),
(431, 28, 7, 'ok', '0000-00-00 00:00:00'),
(432, 1, 7, 'wordpress', '0000-00-00 00:00:00'),
(433, 1, 7, 'ok', '0000-00-00 00:00:00'),
(434, 1, 7, 'ok', '0000-00-00 00:00:00'),
(435, 1, 7, 'ok', '0000-00-00 00:00:00'),
(436, 1, 7, 'ok', '0000-00-00 00:00:00'),
(437, 187, 189, 'From how much time ?', '0000-00-00 00:00:00'),
(438, 179, 7, 'Albuterol is usually the primary "rescue" or short-term medicine that is used to help acute asthma symptoms, such as coughing or wheezing.', '0000-00-00 00:00:00'),
(439, 179, 7, 'There are number of injections, and they basically are used to block the pain generators that are believed to be the cause of pain. These have been used for decades for pain control. Some need only one injection and some may need more than one to get adequate relief. There is no permanent solution that is consistent for these pain generators.', '0000-00-00 00:00:00'),
(440, 179, 7, 'There is no permanent solution that is consistent for these pain generators.', '0000-00-00 00:00:00'),
(441, 191, 7, 'what type of pain', '0000-00-00 00:00:00'),
(442, 179, 7, 'I usually advise people that options are nothing (leave it alone), exercise, medications, injections, surgery, or other (non-traditional like acupuncture, tai chi, or even cognitive behavioral therapy).', '0000-00-00 00:00:00'),
(443, 179, 7, 'Most people will do well with exercises and medication if needed.', '0000-00-00 00:00:00'),
(444, 179, 7, 'Surgery is usually done for so-called radicular or sciatic pains that don''t get better with exercises, medications, or time.', '0000-00-00 00:00:00'),
(445, 179, 7, 'We run into this situation at least two or three times a week in clinic. Sometimes, it is best to bring the parent in so he or she can hear the message from a non-family member.', '0000-00-00 00:00:00'),
(446, 179, 7, 'In this situation, I usually "soft-sell" a rollator walker. I emphasize that this is an exercise device that allows them to walk quickly and increase their distances, otherwise the legs get weaker and weaker.', '0000-00-00 00:00:00'),
(447, 179, 7, 'dsfdsgg', '0000-00-00 00:00:00'),
(448, 191, 7, 'ok', '0000-00-00 00:00:00'),
(449, 191, 7, 'ok', '0000-00-00 00:00:00'),
(450, 191, 7, 'fggdfg', '0000-00-00 00:00:00'),
(451, 28, 7, 'Hiii', '0000-00-00 00:00:00'),
(452, 28, 7, 'ok', '0000-00-00 00:00:00'),
(453, 1, 7, 'ok', '0000-00-00 00:00:00'),
(454, 1, 7, 'dsfsf', '0000-00-00 00:00:00'),
(455, 28, 7, 'ok', '0000-00-00 00:00:00'),
(456, 191, 7, 'okkkk', '0000-00-00 00:00:00'),
(457, 28, 7, 'ok', '0000-00-00 00:00:00'),
(458, 28, 7, 'ok', '0000-00-00 00:00:00'),
(459, 191, 7, 'ok', '0000-00-00 00:00:00'),
(460, 191, 7, 'kk', '0000-00-00 00:00:00'),
(461, 191, 7, 'helllo world', '0000-00-00 00:00:00'),
(462, 191, 7, 'MyWorld', '0000-00-00 00:00:00');

-- --------------------------------------------------------

--
-- Table structure for table `question`
--

CREATE TABLE IF NOT EXISTS `question` (
  `iQuestionId` int(10) NOT NULL AUTO_INCREMENT,
  `tQuestion` text NOT NULL,
  `iUserId` int(10) NOT NULL,
  PRIMARY KEY (`iQuestionId`)
) ENGINE=InnoDB  DEFAULT CHARSET=latin1 AUTO_INCREMENT=58 ;

--
-- Dumping data for table `question`
--

INSERT INTO `question` (`iQuestionId`, `tQuestion`, `iUserId`) VALUES
(4, 'howtoworkframework', 28),
(5, 'howframeworkworkingcookie', 1),
(6, 'howframeworlike', 1),
(7, 'howframeworkworklike', 1),
(21, 'what is framework', 1),
(22, 'types of framework', 1),
(23, 'types of framework in php', 1),
(24, 'what is session in php', 1),
(25, 'what is coockie in php', 1),
(26, 'why we use framework', 1),
(27, 'why we use framework', 1),
(28, 'why we use framework', 1),
(29, 'why we use', 1),
(30, 'abc', 28),
(31, 'abc', 2),
(32, 'how are u?', 2),
(33, 'check status', 28),
(34, 'test application', 28),
(35, 'hello', 28),
(36, 'hii this is testing ...', 1),
(37, 'okok', 1),
(38, 'hiiii this is Mark here please help me....', 28),
(39, 'Hello this is testing application now I am check the application and test now... thanks', 1),
(40, 'how its work??', 1),
(41, 'Hello this is testing question for loremipsum kinds of things', 66),
(42, 'Getting issue in Thai', 66),
(43, 'Hello this is testing question..', 95),
(44, 'Hi', 170),
(45, 'application testing', 88),
(46, 'hello this is testing demo', 88),
(47, 'how can I book an appointment?', 88),
(48, 'as\n\n', 88),
(49, 'What are the symptoms of thyroid problems in females ?\nplease let me know because I have', 32),
(50, 'What are the symptoms of thyroid problems in females', 32),
(51, 'Where is address ?', 180),
(52, 'I am suffering with back pain since last few weeks how do I\n overcome this health issue ?', 187),
(53, 'What medications are best for the treatment of asthma? What are their side effects?', 179),
(54, 'What exactly is a spine block injection? Will it work long-term for low back pain due to disc problems?', 179),
(55, 'My mother has trouble walking, but she refuses to get a walker or cane. I worry about her. How can I convince her to get some sort of walking aid?', 179),
(56, 'when pain management doesn''t help, what are other alternatives for back pain due to bulged discs and arthritis?', 179),
(57, 'Hello I have pain in joints', 191);

-- --------------------------------------------------------

--
-- Table structure for table `user`
--

CREATE TABLE IF NOT EXISTS `user` (
  `iUserId` int(11) NOT NULL AUTO_INCREMENT,
  `vLoginToken` varchar(255) NOT NULL,
  `eUserType` enum('Doctor','Patient') NOT NULL,
  `tAddress` text NOT NULL,
  `vPhone` varchar(100) NOT NULL,
  `vFirstName` varchar(255) NOT NULL,
  `vLastName` varchar(255) NOT NULL,
  `vEmail` varchar(255) NOT NULL,
  `vPassword` varchar(255) NOT NULL,
  `vImage` varchar(255) NOT NULL,
  `vLat` varchar(255) NOT NULL,
  `vLong` varchar(255) NOT NULL,
  `tDevicekey` text NOT NULL,
  `dCreatedTime` date NOT NULL,
  `dUpdatedTime` date NOT NULL,
  `eStatus` enum('Active','Inactive') NOT NULL,
  `eGender` enum('Male','Female') NOT NULL,
  `vDeviceType` text NOT NULL,
  `vDegree` varchar(100) NOT NULL,
  `tClinic` varchar(100) NOT NULL,
  `tDiseases` text NOT NULL,
  PRIMARY KEY (`iUserId`)
) ENGINE=InnoDB  DEFAULT CHARSET=latin1 AUTO_INCREMENT=192 ;

--
-- Dumping data for table `user`
--

INSERT INTO `user` (`iUserId`, `vLoginToken`, `eUserType`, `tAddress`, `vPhone`, `vFirstName`, `vLastName`, `vEmail`, `vPassword`, `vImage`, `vLat`, `vLong`, `tDevicekey`, `dCreatedTime`, `dUpdatedTime`, `eStatus`, `eGender`, `vDeviceType`, `vDegree`, `tClinic`, `tDiseases`) VALUES
(1, '51rAbm2XJAFOJh1uCykR', 'Patient', 'nadiad', '8799543212', 'devanshi', 'parmar', 'zeel123@gmail.com', '8eWUBl0y', 'confidence-quotes05.jpg', '0', '0', 'f1EkSnZrPEc:APA91bExCuaQnopQ-BvOngFu633yIiALyDHivd5e0-PvujM5FTwqoRseUIdDVN9uDnYe6iJ2UHV632iReqZu0r1UjfBHBtDHH_6_4vYrV929mGeyNv4z8B9seAqOw-4EKID00yI4Q9sHWHSlLpWIPUxUR09INn-FLA', '2018-07-10', '2018-07-10', 'Active', 'Female', '', '', '', 'maleriya'),
(2, '51rAbm2XJAFOJh1uCykR', 'Doctor', 'anand', '5544332167', 'dev', 'devanshi', 'dev@gmail.com', 'XGP1zVQ/', '6.jpg', '0', '0', 'f1EkSnZrPEc:APA91bExCuaQnopQ-BvOngFu633yIiALyDHivd5e0-PvujM5FTwqoRseUIdDVN9uDnYe6iJ2UHV632iReqZu0r1UjfBHBtDHH_6_4vYrV929mGeyNv4z8B9seAqOw-4EKID00yI4Q9sHWHSlLpWIPUxUR09INn-FLA', '2018-07-10', '2018-07-10', 'Active', 'Female', '', 'LLB', 'xyz', 'fever'),
(7, 'vZ3eLEirZ0GJRlKkBVuc', 'Doctor', 'Ahmedabad', '46545364545', 'Healthy future', 'variance', 'variance123@gmail.com', 'DShjDShj', 'JPEG_20181004_121538_1784284994741240361.jpg', '0', '0', 'fsNQ_krzNaY:APA91bF45TiCXrcT70l66MNUWf6QeyVwum_UTKbPeLUUQzyjZV4GYfPBDMxcCuM8fDFrY1YO0D7fwI-V87c0t7d0ENWhbMbWxUrHIjRb5O0nm7sufJOPJAMNIhnJKRQDKhZxtxobz4O9', '2018-07-16', '2018-10-05', 'Active', 'Male', '', 'MBA', 'xyz', ' '),
(8, 'sYPpAroH0h9IwZcztrHE', 'Patient', 'vadodara', '9897665544', 'employee', 'employee', 'employee123@gmail.com', '4RneOtf14eGODShj', 'download.png', '0', '0', '43', '2018-07-18', '2018-07-18', 'Active', 'Male', '', 'xyz', 'xyz', 'melariya'),
(12, 'KSpkFBNZLJG4C5XZaoQe', 'Doctor', 'nadiad', '8877665544', 'employee', 'employee', 'employee69@gmail.com', '4RneOtf14eGODShj', '', '0', '0', '23', '2018-07-18', '2018-07-18', 'Active', 'Male', '', '', '', ''),
(13, 'scSM5xC1WvA8fVR1mmXT', 'Doctor', 'nadiad', '8877665544', 'employee', 'employee', 'employee6989@gmail.com', '4RneOtf14eGODShj', '', '0', '0', '23', '2018-07-18', '2018-07-18', 'Active', 'Male', '', '', '', ''),
(14, 'DW9FuJ5yTrx7oLvz75wO', 'Doctor', 'nadiad', '8877665544', 'employee', 'employee456', 'employee456@gmail.com', '4RneOtf14eGODShj', '6.jpg', '0', '0', '23', '2018-07-18', '2018-07-18', 'Active', 'Male', '', '', '', ''),
(15, 'gdRbegGwYFNwrJ0V0LLV', 'Doctor', 'nadiad', '8877665544', 'employee', 'employee456', 'employee99@gmail.com', '4RneOtf14eGODShj', '6.jpg', '0', '0', '23', '2018-07-18', '2018-07-18', 'Active', 'Male', '', '', '', ''),
(16, '7WWfUXSjoS4NIMrLwxAX', 'Doctor', 'nadiad', '8877665544', 'employee', 'employee456', 'employee88@gmail.com', '4RneOtf14eGODShj', '6.jpg', '0', '0', '23', '2018-07-18', '2018-07-18', 'Active', 'Male', '', '', '', ''),
(17, 'egLvCWwZF42Jl9eX4E6I', 'Patient', '0', '12345678920', 'bmnbhm', 'mnhmnhm', 'vbmbhnm@gmail.com', 'DShj8tHylA==', 'JPEG_20180723_131442_5053187098631951676.jpg', '0', '0', 'ekJsCsjcS5k:APA91bEyY657RXSSL98sxVCQKhqpZ4dwI6zV83RvPAkU2nykoteF2slsvuB4pzNzzDETIhbVs95Lt7SUGo9HSna3eB86Hgxr1ZVr0dZaGQ09cRVyMtcAHot-AXOG3pdaiBiK1nNQVBTEjRRZvWdZWAAv5eRPRGOOIQ', '2018-07-23', '2018-07-23', 'Active', '', '', '', '', ''),
(18, 'eRyxhx6G4mAWgP1GlE9L', 'Patient', '0', '12345678901', 'hjhj', 'hjhj', 'bhjh@gmail.com', 'DShj8tGU', 'JPEG_20180723_131619_2515761564710139446.jpg', '0', '0', 'ekJsCsjcS5k:APA91bEyY657RXSSL98sxVCQKhqpZ4dwI6zV83RvPAkU2nykoteF2slsvuB4pzNzzDETIhbVs95Lt7SUGo9HSna3eB86Hgxr1ZVr0dZaGQ09cRVyMtcAHot-AXOG3pdaiBiK1nNQVBTEjRRZvWdZWAAv5eRPRGOOIQ', '2018-07-23', '2018-07-23', 'Active', '', '', '', '', ''),
(19, 'HIqXghewmmqPyT6FCKPy', 'Patient', '0', '1234567895', 'jhgjhgj', 'hjhj', 'fbfggf@gmail.com', 'DShj8tGU', 'JPEG_20180723_131859_900436196129526832.jpg', '0', '0', 'ekJsCsjcS5k:APA91bEyY657RXSSL98sxVCQKhqpZ4dwI6zV83RvPAkU2nykoteF2slsvuB4pzNzzDETIhbVs95Lt7SUGo9HSna3eB86Hgxr1ZVr0dZaGQ09cRVyMtcAHot-AXOG3pdaiBiK1nNQVBTEjRRZvWdZWAAv5eRPRGOOIQ', '2018-07-23', '2018-07-23', 'Active', '', '', '', '', ''),
(20, 'pDB65em0YRKcCuv7aZda', 'Patient', '0', '12345678900', 'ghgh', 'ghg', 'fbhg@gmail.com', 'DShj8tGU', 'JPEG_20180723_132140_6182380315647702523.jpg', '0', '0', 'ekJsCsjcS5k:APA91bEyY657RXSSL98sxVCQKhqpZ4dwI6zV83RvPAkU2nykoteF2slsvuB4pzNzzDETIhbVs95Lt7SUGo9HSna3eB86Hgxr1ZVr0dZaGQ09cRVyMtcAHot-AXOG3pdaiBiK1nNQVBTEjRRZvWdZWAAv5eRPRGOOIQ', '2018-07-23', '2018-07-23', 'Active', '', '', '', '', ''),
(21, '7i8ejnvfB5MsNI46qncH', 'Patient', '0', '1234567890', 'hghg', 'ghgh', 'ghbgbh@gmail.com', 'DShj8tGU', 'JPEG_20180723_132304_80088443706523816.jpg', '0', '0', 'ekJsCsjcS5k:APA91bEyY657RXSSL98sxVCQKhqpZ4dwI6zV83RvPAkU2nykoteF2slsvuB4pzNzzDETIhbVs95Lt7SUGo9HSna3eB86Hgxr1ZVr0dZaGQ09cRVyMtcAHot-AXOG3pdaiBiK1nNQVBTEjRRZvWdZWAAv5eRPRGOOIQ', '2018-07-23', '2018-07-23', 'Active', '', '', '', '', ''),
(22, '3Do80MASSfyM8fX71Hhl', 'Patient', '0', '1234567890', 'fgfgfg', 'fghgh', 'fghf@gmail.com', 'DShj8tGU', 'JPEG_20180723_132952_8219361667180117385.jpg', '0', '0', 'ekJsCsjcS5k:APA91bEyY657RXSSL98sxVCQKhqpZ4dwI6zV83RvPAkU2nykoteF2slsvuB4pzNzzDETIhbVs95Lt7SUGo9HSna3eB86Hgxr1ZVr0dZaGQ09cRVyMtcAHot-AXOG3pdaiBiK1nNQVBTEjRRZvWdZWAAv5eRPRGOOIQ', '2018-07-23', '2018-07-23', 'Active', '', '', '', '', ''),
(23, '2IY683yL8r3x4SJ0c1zi', 'Patient', '0', '1234567890', 'fghgfh', 'hghg', 'ffff@gmail.com', 'DShj8tGU', 'JPEG_20180723_133117_4897671490457013033.jpg', '0', '0', 'ekJsCsjcS5k:APA91bEyY657RXSSL98sxVCQKhqpZ4dwI6zV83RvPAkU2nykoteF2slsvuB4pzNzzDETIhbVs95Lt7SUGo9HSna3eB86Hgxr1ZVr0dZaGQ09cRVyMtcAHot-AXOG3pdaiBiK1nNQVBTEjRRZvWdZWAAv5eRPRGOOIQ', '2018-07-23', '2018-07-23', 'Active', '', '', '', '', ''),
(24, 'GOfBNU4vuHXLIbpp35Yi', 'Patient', '0', '1234567890', 'ghghg', 'ghgh', 'hg@gmail.com', 'DShj8tGU', 'JPEG_20180723_133225_2796900225965458472.jpg', '0', '0', 'ekJsCsjcS5k:APA91bEyY657RXSSL98sxVCQKhqpZ4dwI6zV83RvPAkU2nykoteF2slsvuB4pzNzzDETIhbVs95Lt7SUGo9HSna3eB86Hgxr1ZVr0dZaGQ09cRVyMtcAHot-AXOG3pdaiBiK1nNQVBTEjRRZvWdZWAAv5eRPRGOOIQ', '2018-07-23', '2018-07-23', 'Active', '', '', '', '', ''),
(25, 'mFDkhxo4LlPWR9hFN1GA', 'Patient', '0', '1234567890', 'gkmhgl', 'hghg', 'hjhj@gmail.com', 'DShj8tGU', 'JPEG_20180723_133501_1338279271180647058.jpg', '0', '0', 'ekJsCsjcS5k:APA91bEyY657RXSSL98sxVCQKhqpZ4dwI6zV83RvPAkU2nykoteF2slsvuB4pzNzzDETIhbVs95Lt7SUGo9HSna3eB86Hgxr1ZVr0dZaGQ09cRVyMtcAHot-AXOG3pdaiBiK1nNQVBTEjRRZvWdZWAAv5eRPRGOOIQ', '2018-07-23', '2018-07-23', 'Active', '', '', '', '', ''),
(26, '', 'Patient', 'Ahmedabad', '1234567890', 'avani', 'patel', 'avani@gmail.com', 'DShj8tGU', 'JPEG_20180723_134342_723795631493730577.jpg', '0', '0', '', '2018-07-23', '2018-07-23', 'Active', 'Female', '', '', '', ''),
(27, 'osaDfL3N0xqsarCOjS1F', 'Patient', '0', '12132465323', 'adss', 'sdfsdf', 'sasd@fgj.com', 'DShj8tGU', 'JPEG_20180723_135107_591648608586270591.jpg', '0', '0', 'ekJsCsjcS5k:APA91bEyY657RXSSL98sxVCQKhqpZ4dwI6zV83RvPAkU2nykoteF2slsvuB4pzNzzDETIhbVs95Lt7SUGo9HSna3eB86Hgxr1ZVr0dZaGQ09cRVyMtcAHot-AXOG3pdaiBiK1nNQVBTEjRRZvWdZWAAv5eRPRGOOIQ', '2018-07-23', '2018-07-23', 'Active', '', '', '', '', ''),
(28, '', 'Doctor', 'Ahmedabad', '+91 1234567890', 'avani', 'patel', 'av@gmail.com', 'FeE2zy28', 'JPEG_20180828_121714_1416424673.jpg', '0', '0', 'ekJsCsjcS5k:APA91bEyY657RXSSL98sxVCQKhqpZ4dwI6zV83RvPAkU2nykoteF2slsvuB4pzNzzDETIhbVs95Lt7SUGo9HSna3eB86Hgxr1ZVr0dZaGQ09cRVyMtcAHot-AXOG3pdaiBiK1nNQVBTEjRRZvWdZWAAv5eRPRGOOIQ', '2018-07-23', '2018-08-03', 'Active', 'Female', '', '', '', ''),
(29, 'Sm7iO3HKmtawRFUUAcIk', 'Patient', '0', '1234567890', 'avani', 'patel', 'av@gmai.com', 'DShj8tGU', 'JPEG_20180723_140353_5662458847752822692.jpg', '0', '0', 'ekJsCsjcS5k:APA91bEyY657RXSSL98sxVCQKhqpZ4dwI6zV83RvPAkU2nykoteF2slsvuB4pzNzzDETIhbVs95Lt7SUGo9HSna3eB86Hgxr1ZVr0dZaGQ09cRVyMtcAHot-AXOG3pdaiBiK1nNQVBTEjRRZvWdZWAAv5eRPRGOOIQ', '2018-07-23', '2018-07-23', 'Active', '', '', '', '', ''),
(30, 'v8OZlaDUCvUqxRiFgmQt', 'Patient', 'ahmedabad', '1234567890', 'avani', 'patel', 'avanip.variance@gmail.com', 'DShj8tGUHw==', 'JPEG_20180726_183251_3267918655576999630.jpg', '0', '0', '0', '2018-07-26', '2018-07-26', 'Active', 'Female', '', '', '', ''),
(31, 'u2RdAXgw0GEQ6qN8y8oB', 'Doctor', 'nadiad', '8877665544', 'employee', 'employee456', 'employee@gmail.com', '4RneOtf14eGODShj', '6.jpg', '0', '0', '23', '2018-07-31', '2018-07-31', 'Active', 'Male', '', '', '', ''),
(32, '', 'Patient', 'Meriland', '6541276776', 'mark', 'lee', 'mark@gmail.com', 'DQ0oKGNj', 'JPEG_20180811_125841_697037548.jpg', '0', '0', '', '2018-08-10', '2018-09-08', 'Active', 'Male', '', '', '', 'What are the symptoms of thyroid problems in females'),
(33, 'WeauXPpi88VuZ6sSWits', 'Patient', 'California', '2655256559', 'Mariya', 'sons', 'mariya@gmail.com', 'DShjDShj', 'JPEG_20180811_154018_-1309809270.jpg', '0', '0', '23', '2018-08-11', '2018-08-11', 'Active', 'Female', '', '', '', ''),
(34, '1g8EXmNafsNw0WQvNoeH', 'Patient', 'California', '2655256559', 'Mariya', 'sons', 'mark1@gmail.com', 'DShjDShj', '', '0', '0', '23', '2018-08-11', '2018-08-11', 'Active', 'Female', '', '', '', ''),
(35, 'gCqJpJD077UW0bSOxdUC', 'Patient', 'California', '2655256559', 'Mariya', 'sons', 'mark123lee@gmail.com', 'DShjDShj', '', '0', '0', 'ekJsCsjcS5k:APA91bEyY657RXSSL98sxVCQKhqpZ4dwI6zV83RvPAkU2nykoteF2slsvuB4pzNzzDETIhbVs95Lt7SUGo9HSna3eB86Hgxr1ZVr0dZaGQ09cRVyMtcAHot-AXOG3pdaiBiK1nNQVBTEjRRZvWdZWAAv5eRPRGOOIQ', '2018-08-11', '2018-08-11', 'Active', 'Female', '', '', '', ''),
(36, '64WnxLPqmKCwCPEugXIG', 'Patient', 'California', '2655256559', 'Mariya', 'sons', 'mark123le@gmail.com', 'DShjDShj', '', '0', '0', 'ekJsCsjcS5k:APA91bEyY657RXSSL98sxVCQKhqpZ4dwI6zV83RvPAkU2nykoteF2slsvuB4pzNzzDETIhbVs95Lt7SUGo9HSna3eB86Hgxr1ZVr0dZaGQ09cRVyMtcAHot-AXOG3pdaiBiK1nNQVBTEjRRZvWdZWAAv5eRPRGOOIQ', '2018-08-11', '2018-08-11', 'Active', 'Female', '', '', '', ''),
(37, 'g2SWaHgBlWkAyIFVkiIC', 'Patient', 'California', '2655256559', 'Mariya', 'sons', 'mark123lees@gmail.com', 'DShjDShj', '', '0', '0', '', '2018-08-11', '2018-08-11', 'Active', 'Female', '', 'MBA', 'abc', ''),
(38, '3Un4UNup1fTuHM0qiRZs', 'Patient', 'California', '2655256559', 'Mariya', 'sons', 'mark123e@gmail.com', 'DShjDShj', '', '0', '0', '', '2018-08-11', '2018-08-11', 'Active', 'Female', '', '', '', ''),
(39, 'EHPsTTtzVJy1w7Y9GNDX', 'Patient', 'California', '2655256559', 'Mariya', 'sons', 'mark23@gmail.com', 'DShjDShj', '', '0', '0', '', '2018-08-11', '2018-08-11', 'Active', 'Female', '', '', '', ''),
(40, 'lQGa4OF4Rok057htRUul', 'Patient', 'California', '2655256559', 'Mariya', 'sons', 'mark9903@gmail.com', 'DShjDShj', '', '0', '0', '', '2018-08-11', '2018-08-11', 'Active', 'Female', '', '', '', ''),
(41, '41VQPHgmiSRLAAh1e6m4', 'Patient', 'California', '2655256559', 'Mariya', 'sons', 'mark9993@gmail.com', 'DShjDShj', '', '0', '0', '', '2018-08-11', '2018-08-11', 'Active', 'Female', '', '', '', ''),
(42, 'lNclJ7YzTEUOtnMXMBCG', 'Patient', 'California', '2655256559', 'Mariya', 'sons', 'mark0993@gmail.com', 'DShjDShj', '', '0', '0', '', '2018-08-11', '2018-08-11', 'Active', 'Female', '', '', '', ''),
(43, 'Glaen3viSlroEwkA4qpz', 'Patient', 'California', '2655256559', 'Mariya', 'sons', 'mark7993@gmail.com', 'DShjDShj', '', '0', '0', '', '2018-08-11', '2018-08-11', 'Active', 'Female', '', '', '', ''),
(44, '6PNMmVUH8FmVRSWT1qka', 'Patient', 'California', '2655256559', 'Mariya', 'sons', 'mark799993@gmail.com', 'DShjDShj', '', '0', '0', '', '2018-08-11', '2018-08-11', 'Active', 'Female', '', '', '', ''),
(45, 'Nl0LSqZU0QFxAUjVWzNi', 'Patient', 'California', '2655256559', 'Mariya', 'sons', 'fghjk3@gmail.com', 'DShjDShj', '', '0', '0', '', '2018-08-11', '2018-08-11', 'Active', 'Female', '', '', '', ''),
(46, 'xrcry3Iz0csNL87w9zvk', 'Patient', 'California', '2655256559', 'Mariya', 'sons', 'fghjk243@gmail.com', 'DShjDShj', '', '0', '0', '', '2018-08-11', '2018-08-11', 'Active', 'Female', '', '', '', ''),
(47, 'zBSswRmbdIfMoof7Q0mo', 'Patient', 'California', '2655256559', 'Mariya', 'sons', 'hdfdero243@gmail.com', 'DShjDShj', '', '0', '0', '', '2018-08-11', '2018-08-11', 'Active', 'Female', '', '', '', ''),
(48, 'io0KE8zuLJBIkgqVyjPh', 'Patient', 'California', '2655256559', 'Mariya', 'sons', 'hdf243@gmail.com', 'DShjDShj', '', '0', '0', '', '2018-08-11', '2018-08-11', 'Active', 'Female', '', '', '', ''),
(49, 'q5FSL67hqwjqTIvVoeqH', 'Patient', 'California', '2655256559', 'Mariya', 'sons', 'hdf43@gmail.com', 'DShjDShj', '', '0', '0', '', '2018-08-11', '2018-08-11', 'Active', 'Female', '', '', '', ''),
(50, 'vwp3V3gqZzH6HZTSSnF5', 'Patient', 'California', '2655256559', 'Mariya', 'sons', 'hdf4@gmail.com', 'DShjDShj', '', '0', '0', 'asd', '2018-08-20', '2018-08-20', 'Active', 'Female', '0', '', '', ''),
(51, '', 'Patient', 'Ahmedabad', '99485626446', 'ani', 'ani', 'ani@gmail.com', 'DShjDShj', 'JPEG_20180823_185039_1507001225.jpg', '0', '0', '', '2018-08-23', '2018-08-23', 'Active', 'Female', '0', '', '', ''),
(52, 'eL2uChVcwM6ndFHh361a', 'Patient', 'Ahmedabad', '2345678910', 'abc', 'xyz', 'abc@gmail.com', 'DShjDShj', 'JPEG_20180823_185318_-314799269.jpg', '0', '0', 'c2nnuXsR0Lc:APA91bGQC3oCjO5g6UjfSyJgav6TEjR34wY9jzrLCNdGG8vasjBs-CoGClHyq2OdHA8NOePMpL3aPrOKIDNOe2ZPGODw2_ONv-dw8LgLWNKqX7U6MrT9FP-ixiRqJHT7Ls75B_gE78K0q6V1x4wvT37-FwgK6Xb5rA', '2018-08-23', '2018-08-23', 'Active', 'Female', '0', '', '', ''),
(53, '', 'Patient', 'Ahmedabad', '2345678901', 'jack', 'aaa', 'jack@gmail.com', 'KGPy0ZQfBg==', 'JPEG_20180823_185730_1396430773.jpg', '0', '0', '', '2018-08-23', '2018-08-23', 'Active', 'Male', '0', '', '', ''),
(54, 'wbgMN1UgZ4tQdOsEesp9', 'Patient', 'Surat', '56556565655', 'marki', 'marku', 'marki@gmail.com', 'DShjDShj', 'JPEG_20180823_190319_721132919.jpg', '0', '0', 'c2nnuXsR0Lc:APA91bGQC3oCjO5g6UjfSyJgav6TEjR34wY9jzrLCNdGG8vasjBs-CoGClHyq2OdHA8NOePMpL3aPrOKIDNOe2ZPGODw2_ONv-dw8LgLWNKqX7U6MrT9FP-ixiRqJHT7Ls75B_gE78K0q6V1x4wvT37-FwgK6Xb5rA', '2018-08-23', '2018-08-23', 'Active', 'Female', '0', '', '', ''),
(55, 'c6avLbdIkgb264A1pFzS', 'Patient', 'aghsjj', '21213487898', 'gsjsj', 'shhfb', 'abcd@gmail.com', 'DShj8tGU', 'JPEG_20180823_190825_1154449724.jpg', '0', '0', 'c2nnuXsR0Lc:APA91bGQC3oCjO5g6UjfSyJgav6TEjR34wY9jzrLCNdGG8vasjBs-CoGClHyq2OdHA8NOePMpL3aPrOKIDNOe2ZPGODw2_ONv-dw8LgLWNKqX7U6MrT9FP-ixiRqJHT7Ls75B_gE78K0q6V1x4wvT37-FwgK6Xb5rA', '2018-08-23', '2018-08-23', 'Active', 'Male', '0', '', '', ''),
(56, 's0QH2FNVTJd07dbagWrS', 'Patient', 'maninagar', '8874566554', 'meet', 'solanki', 'meetsolanki123@gmail.com', 'L71c4aM2jigeDTU=', '', '0', '0', '56', '2018-08-24', '2018-08-24', 'Active', 'Female', 'gfc', '', '', ''),
(57, 'MgG6gO6pN1mNZbEoIqos', 'Patient', 'Ahmedabad', '1243459498', 'gagsb', 'zhiend', 'xyz@gmail.com', 'DShj8tGUHw==', 'JPEG_20180824_103143_-768571538.jpg', '0', '0', 'c2nnuXsR0Lc:APA91bGQC3oCjO5g6UjfSyJgav6TEjR34wY9jzrLCNdGG8vasjBs-CoGClHyq2OdHA8NOePMpL3aPrOKIDNOe2ZPGODw2_ONv-dw8LgLWNKqX7U6MrT9FP-ixiRqJHT7Ls75B_gE78K0q6V1x4wvT37-FwgK6Xb5rA', '2018-08-24', '2018-08-24', 'Active', 'Male', '0', '', '', ''),
(58, 'eugoqvFHcRcNw0nW340F', 'Patient', 'Ahmedabad', '1234567890', 'iaehhd', 'vabfkk', 'gmail@gmail.com', 'DShj8tGUHw==', 'JPEG_20180824_103514_1785510442.jpg', '0', '0', 'c2nnuXsR0Lc:APA91bGQC3oCjO5g6UjfSyJgav6TEjR34wY9jzrLCNdGG8vasjBs-CoGClHyq2OdHA8NOePMpL3aPrOKIDNOe2ZPGODw2_ONv-dw8LgLWNKqX7U6MrT9FP-ixiRqJHT7Ls75B_gE78K0q6V1x4wvT37-FwgK6Xb5rA', '2018-08-24', '2018-08-24', 'Active', 'Male', '0', '', '', ''),
(59, 'ueXa1Kdr3fvLwPT60XDg', 'Patient', 'Ahmedabad', '1234567890', 'jhfhbd', 'shusbd', 'ava@gmail.com', 'DShj8tGU', 'JPEG_20180824_103952_-1172071322.jpg', '0', '0', 'c2nnuXsR0Lc:APA91bGQC3oCjO5g6UjfSyJgav6TEjR34wY9jzrLCNdGG8vasjBs-CoGClHyq2OdHA8NOePMpL3aPrOKIDNOe2ZPGODw2_ONv-dw8LgLWNKqX7U6MrT9FP-ixiRqJHT7Ls75B_gE78K0q6V1x4wvT37-FwgK6Xb5rA', '2018-08-24', '2018-08-24', 'Active', 'Female', '0', '', '', ''),
(60, 'IFTyu3OMIgnncwDL5QLY', 'Patient', 'Ahmedabad', '1234567890', 'leasy', 'patel', 'leasy@gmail.com', 'DShj8tGU', 'JPEG_20180824_104845_-1372174687.jpg', '0', '0', 'c2nnuXsR0Lc:APA91bGQC3oCjO5g6UjfSyJgav6TEjR34wY9jzrLCNdGG8vasjBs-CoGClHyq2OdHA8NOePMpL3aPrOKIDNOe2ZPGODw2_ONv-dw8LgLWNKqX7U6MrT9FP-ixiRqJHT7Ls75B_gE78K0q6V1x4wvT37-FwgK6Xb5rA', '2018-08-24', '2018-08-24', 'Active', 'Female', '0', '', '', ''),
(61, 'tqyuyscybHi5YcjTJmF1', 'Patient', 'Ahmedabad', '1234567890', 'gshsj', 'hsfujd', 'yahoo@gmail.com', 'DShj8tGU', 'JPEG_20180824_105830_657037508.jpg', '0', '0', 'c2nnuXsR0Lc:APA91bGQC3oCjO5g6UjfSyJgav6TEjR34wY9jzrLCNdGG8vasjBs-CoGClHyq2OdHA8NOePMpL3aPrOKIDNOe2ZPGODw2_ONv-dw8LgLWNKqX7U6MrT9FP-ixiRqJHT7Ls75B_gE78K0q6V1x4wvT37-FwgK6Xb5rA', '2018-08-24', '2018-08-24', 'Active', 'Male', '0', '', '', ''),
(62, 'PvflnFbzZXsJGrhiQLvD', 'Patient', 'Ahmedabad', '1234567890', 'test', 'test', 'adb@gmail.com', 'DShj8tGU', '', '0', '0', 'emXvzlwPlmk:APA91bHA23xLUCaUvX_V4347rsoyVni_dKt8JZO1ZJQowwaP9-LJDJHojAwaCVjnEx_e2ENI3LDSiciv7wxrTzPqdguKrsPcYsB-GPDOMz1DbJt97nvoBeVeqnxSUHUGjnwqXVi4zGOe', '2018-08-24', '2018-08-24', 'Active', 'Male', '0', '', '', ''),
(63, '2rRvMOkFR6I707PJYM5g', 'Patient', 'Ahmedabad', '1234567890', 'test', 'test', 'addd@gmail.com', 'DShj8tGU', '', '0', '0', 'emXvzlwPlmk:APA91bHA23xLUCaUvX_V4347rsoyVni_dKt8JZO1ZJQowwaP9-LJDJHojAwaCVjnEx_e2ENI3LDSiciv7wxrTzPqdguKrsPcYsB-GPDOMz1DbJt97nvoBeVeqnxSUHUGjnwqXVi4zGOe', '2018-08-24', '2018-08-24', 'Active', 'Male', '0', '', '', ''),
(64, 'yoJl2vJaCENSagvGAVcc', 'Patient', 'Ahmedabad', '1234567890', 'gdhs', 'hzzn', 'test@gmail.com', 'DShj8tGU', '', '0', '0', 'emXvzlwPlmk:APA91bHA23xLUCaUvX_V4347rsoyVni_dKt8JZO1ZJQowwaP9-LJDJHojAwaCVjnEx_e2ENI3LDSiciv7wxrTzPqdguKrsPcYsB-GPDOMz1DbJt97nvoBeVeqnxSUHUGjnwqXVi4zGOe', '2018-08-24', '2018-08-24', 'Active', 'Male', '0', '', '', ''),
(65, '', 'Patient', 'Ahmedabad', '9876543210', 'leeya', 'leeya', 'leeya@gmail.com', 'DShj8tGUHw==', 'JPEG_20180824_114214_1002400227.jpg', '0', '0', '', '2018-08-24', '2018-08-24', 'Active', 'Female', '0', '', '', ''),
(73, '9QHAUsYWoxwyVl4ZH3hQ', 'Doctor', 'maninagar', '8874566554', 'devanshi', 'solanki', 'variance12@gmail.com', 'wuFUvVyjNgUNKGM=', '', '0', '0', '56', '2018-08-24', '2018-08-24', 'Active', 'Female', 'gfc', '', '', ''),
(74, 'Pw7wrkmDuIf8Kc4LXVNz', 'Patient', 'Ahmedabad', '1234567890', 'avani', 'patel', 'avani.variance@gmail.com', 'DShj8tGU', '', '0', '0', 'f1EkSnZrPEc:APA91bExCuaQnopQ-BvOngFu633yIiALyDHivd5e0-PvujM5FTwqoRseUIdDVN9uDnYe6iJ2UHV632iReqZu0r1UjfBHBtDHH_6_4vYrV929mGeyNv4z8B9seAqOw-4EKID00yI4Q9sHWHSlLpWIPUxUR09INn-FLA', '2018-08-25', '2018-08-25', 'Active', 'Female', '0', '', '', ''),
(75, '', 'Patient', 'hdkdbnr', '21345697979', 'bxnnsm', 'nsjsn', 'cdf@gmail.com', 'DShj8tGU', '', '0', '0', '', '2018-08-25', '2018-08-25', 'Active', 'Male', '0', '', '', ''),
(76, 'XyIhHYfiSlrFQdUMOeU0', 'Patient', 'Ahmedabad', '1234567890', 'asdf', 'fghj', 'asd@gmail.com', 'DShj8tGU', '', '0', '0', 'f1EkSnZrPEc:APA91bExCuaQnopQ-BvOngFu633yIiALyDHivd5e0-PvujM5FTwqoRseUIdDVN9uDnYe6iJ2UHV632iReqZu0r1UjfBHBtDHH_6_4vYrV929mGeyNv4z8B9seAqOw-4EKID00yI4Q9sHWHSlLpWIPUxUR09INn-FLA', '2018-08-25', '2018-08-25', 'Active', 'Male', '0', '', '', ''),
(77, 'Kr94FkH088yUy1vQKhCf', 'Patient', 'Ahmedabad', '1234567890', 'ahjd', 'jdktb', 'def@gmail.com', 'DShj8tGU', 'copy_45images.jpg', '0', '0', 'f1EkSnZrPEc:APA91bExCuaQnopQ-BvOngFu633yIiALyDHivd5e0-PvujM5FTwqoRseUIdDVN9uDnYe6iJ2UHV632iReqZu0r1UjfBHBtDHH_6_4vYrV929mGeyNv4z8B9seAqOw-4EKID00yI4Q9sHWHSlLpWIPUxUR09INn-FLA', '2018-08-25', '2018-08-25', 'Active', 'Male', '0', '', '', ''),
(78, 'vHRQMzKgZwnnym1vdGLR', 'Patient', 'aghv', '1234567890', 'susb', 'sgsv', 'xzy@gmail.com', 'DShj8tGU', 'copy_45images.jpg', '0', '0', 'f1EkSnZrPEc:APA91bExCuaQnopQ-BvOngFu633yIiALyDHivd5e0-PvujM5FTwqoRseUIdDVN9uDnYe6iJ2UHV632iReqZu0r1UjfBHBtDHH_6_4vYrV929mGeyNv4z8B9seAqOw-4EKID00yI4Q9sHWHSlLpWIPUxUR09INn-FLA', '2018-08-25', '2018-08-25', 'Active', 'Male', '0', '', '', ''),
(79, '', 'Patient', 'Gandhinagar', '1234567890', 'test', 'test', 'micky@gmail.com', 'DShj8tGU', 'copy_45images.jpg', '0', '0', '', '2018-08-25', '2018-08-25', 'Active', 'Male', '0', '', '', ''),
(80, 'hFW9CJS4s309TIuuA9sB', 'Doctor', 'maninagar', '8874566554', 'karan', 'patel', 'karan12@gmail.com', 'q73ovVwNKGM=', 'download.png', '0', '0', '56', '2018-08-27', '2018-08-27', 'Active', 'Female', 'gfc', '', '', ''),
(81, '', 'Patient', 'CA', '5688655686', 'mark', 'lee', 'mark12@gmail.com', 'DShjDShj', 'JPEG_20180828_101648_1769444628.jpg', '0', '0', '', '2018-08-27', '2018-08-27', 'Active', 'Male', '0', '0', '0', ''),
(82, 'k0EU00ep5FpycTbIIvEs', 'Doctor', 'maninagar', '8874566554', 'karan', 'patel', 'kumar12@gmail.com', 'q73ovVwNKGM=', '', '0', '0', '56', '2018-08-28', '2018-08-28', 'Active', 'Female', 'gfc', 'xyz', 'abc', ''),
(83, '', 'Patient', 'Ahmedabad', '1234567890', 'vids', 'vids', 'vids@gmail.com', 'DShj8tGU', 'download.png', '0', '0', '', '2018-08-28', '2018-08-28', 'Active', 'Female', '0', '0', '0', ''),
(84, 'JCuVVGIi5pR72IfzfARJ', 'Doctor', 'maninagar', '8874566554', 'rahul', 'patel', 'rahul12@gmail.com', '6L02EToNKGM=', '6.jpg', '0', '0', '56', '2018-08-28', '2018-08-28', 'Active', 'Female', 'gfc', 'xyz', 'abc', ''),
(85, 'lx9x5AYfOM67ebeC59sJ', 'Patient', 'California', '2655256559', 'Mariya', 'sons', 'vid@gmail.com', 'DShjDShj', '', '0', '0', 'asd', '2018-08-28', '2018-08-28', 'Active', 'Female', '666', '0', '0', ''),
(86, 'XbjtypMaCXwgDPRXHYhs', 'Patient', 'California', '2655256559', 'Mariya', 'sons', 'vi@gmail.com', 'DShjDShj', 'icon.png', '0', '0', 'asd', '2018-08-28', '2018-08-28', 'Active', 'Female', '666', '0', '0', ''),
(87, '', 'Patient', 'Ahmedabad', '1268999583', 'zhgmf', 'sjtj', 'vids1@gmail.com', 'DShj8tGU', '', '0', '0', '', '2018-08-28', '2018-08-28', 'Active', 'Male', '0', '0', '0', ''),
(88, '', 'Patient', 'Ahmedabad', '1234567891', 'avani', 'vids', 'vids123@gmail.com', 'DShj8tGU', 'JPEG_20180907_124151_815546384.jpg', '0', '0', '', '2018-08-28', '2018-08-28', 'Active', 'Female', '0', '0', '0', 'Sports injury '),
(89, '', 'Patient', 'DG jbv', '8988896687', 'thehi', 'fbkln', 'cv@gmail.com', 'DShj8tGU', '', '0', '0', '', '2018-08-28', '2018-08-28', 'Active', 'Female', '0', '0', '0', ''),
(90, '', 'Patient', 'Ahmedabad', '1234567890', 'test', 'test', 'abx@gmail.com', 'DShj8tGU', '', '0', '0', '', '2018-08-28', '2018-08-28', 'Active', 'Male', '0', '0', '0', ''),
(91, '', 'Patient', 'Ahmedabad', '6568412580', 'djfjg', 'etjtj', 'fcfj@gmail.com', 'DShj8tGU', '', '0', '0', '', '2018-08-28', '2018-08-28', 'Active', 'Male', '0', '0', '0', ''),
(92, 'Dr8iVhYCxsCJcOr47Ilv', 'Patient', 'ahnfnf', '5929512580', 'hfjfj', 'fNg', 'zbdbd@gmail.com', 'DShj8tGU', 'JPEG_20180828_113842_-1354114168.jpg', '0', '0', 'f1EkSnZrPEc:APA91bExCuaQnopQ-BvOngFu633yIiALyDHivd5e0-PvujM5FTwqoRseUIdDVN9uDnYe6iJ2UHV632iReqZu0r1UjfBHBtDHH_6_4vYrV929mGeyNv4z8B9seAqOw-4EKID00yI4Q9sHWHSlLpWIPUxUR09INn-FLA', '2018-08-28', '2018-08-28', 'Active', 'Male', '0', '0', '0', ''),
(93, '', 'Patient', 'Ahmedabad', '1234567890', 'sdfgh', 'asdfg', 'abad@gmail.com', 'DShj8tGU', 'JPEG_20180828_114549_-1449135111.jpg', '0', '0', '', '2018-08-28', '2018-08-28', 'Active', 'Male', '0', '0', '0', ''),
(94, '', 'Patient', 'gdbdiej', '12435467890', 'dgsj', 'vsndb', 'av12345@gmail.com', 'DShj8tGU', 'JPEG_20180829_162506_-530873646.jpg', '0', '0', '', '2018-08-29', '2018-08-29', 'Active', 'Male', '0', '0', '0', ''),
(95, '', 'Patient', 'Ahmedabad', '9429094766', 'purva', 'gohil', 'purvarajsinh766@gmail.com', 'DShj8tGU', '', '0', '0', '', '2018-08-29', '2018-08-29', 'Active', 'Male', '0', '0', '0', ''),
(96, '', 'Patient', 'Ahmedabad', '1234567890', 'dfg', 'sdfg', 'xyz123@gmail.com', 'DShj8tGU', 'JPEG_20180829_170728_1142072815510918497.jpg', '0', '0', '', '2018-08-29', '2018-08-29', 'Active', 'Female', '0', '0', '0', ''),
(97, '', 'Patient', 'Ahmedabad', '3243546567', 'swe', 'dd', 'zx@gmail.com', 'DShj8tGU', 'JPEG_20180829_181625_4910475300203270948.jpg', '0', '0', '', '2018-08-29', '2018-08-29', 'Active', 'Male', '0', '0', '0', ''),
(98, '', 'Patient', 'California', '6155646286', 'john', 'Carter', 'john@gmail.com', 'DShjDShj', 'JPEG_20180829_185138_1481359686.jpg', '0', '0', '', '2018-08-29', '2018-08-29', 'Active', 'Male', '0', '0', '0', ''),
(99, '', 'Patient', 'Florida', '56556764767', 'lusy', 'Morgan', 'lusy@gmail.com', 'DShjDShj', '', '0', '0', '', '2018-08-29', '2018-08-29', 'Active', 'Female', '0', '0', '0', ''),
(100, '', 'Patient', 'Ahmedabad', '1237456984', 'jackey', 'joke', 'jackey@gmail.com', 'DShj8tGU', '', '0', '0', '', '2018-08-29', '2018-08-29', 'Active', 'Male', '0', '0', '0', ''),
(101, '', 'Patient', 'Ahmedabad', '1234567890', 'jackey', 'jocker', 'jocker@gmail.com', 'DShj8tGU', '', '0', '0', '', '2018-08-29', '2018-08-29', 'Active', 'Male', '0', '0', '0', ''),
(102, '', 'Patient', 'Ahmedabad', '6598882469', 'hryk', 'duutlyu', '21@gmail.com', 'DShj8tGU', '', '0', '0', '', '2018-08-29', '2018-08-29', 'Active', 'Male', '0', '0', '0', ''),
(103, '', 'Patient', 'Ahmedabad', '1234567890', 'vsfk', 'kfjl', 'asdf@gmail.com', 'DShj8tGU', '', '0', '0', '', '2018-08-29', '2018-08-29', 'Active', 'Male', '0', '0', '0', ''),
(104, '', 'Patient', 'gk', '1236547896', 'tjyl', 'bkk', 'gh@gmail.com', 'DShj8tGU', '', '0', '0', '', '2018-08-29', '2018-08-29', 'Active', 'Male', '0', '0', '0', ''),
(105, '', 'Patient', 'ahd', '1234567890', 'gg', 'gg', 'gg@gmail.com', 'DShj8tGU', '', '0', '0', '', '2018-08-29', '2018-08-29', 'Active', 'Female', '0', '0', '0', ''),
(107, '', 'Patient', 'California', '56868686888', 'marko', 'marko', 'marko@gmail.com', 'DShjDShj', '', '0', '0', '', '2018-08-29', '2018-08-29', 'Active', 'Male', '0', '0', '0', ''),
(110, '', 'Patient', 'fg', '5632147890', 'hrfj', 'hing', 'fg@gmail.com', 'DShj8tGU', 'jilz1g4g.png', '0', '0', '', '2018-08-29', '2018-08-29', 'Active', 'Male', '0', '0', '0', ''),
(152, 'WeJX5RVzlDt2UpdRc8yx', 'Doctor', 'maninagar', '8874566554', 'rahul', 'patel', 'rahul1234@gmail.com', '6L02EToNKGM=', 'download.png', '0', '0', '56', '2018-08-30', '2018-08-30', 'Active', 'Female', 'gfc', 'xyz', 'abc', ''),
(155, 's2NZdEycgmmJkIuXAWKw', 'Doctor', 'maninagar', '8874566554', 'kinjal', 'patel', 'kinjal123@gmail.com', 'qwVcvWA6DShj', '123publishing1.png', '0', '0', '56', '2018-08-30', '2018-08-30', 'Active', 'Female', 'gfc', 'xyz', 'abc', ''),
(166, 'SFoZYyNuMJqZv1QlnaSF', 'Doctor', 'maninagar', '8874566554', 'manali', 'patel', 'manali@gmail.com', 'Gb1cvToFDShj', 'jilz1g4g.png', '0', '0', '56', '2018-08-30', '2018-08-30', 'Active', 'Female', 'gfc', 'xyz', 'abc', ''),
(167, 'Z2djh2cIRqxDYZYtEjZi', 'Doctor', 'maninagar', '8874566554', 'manali', 'patel', 'manali0898@gmail.com', 'Gb1cvToFDShj', 'download1.png', '0', '0', '56', '2018-08-30', '2018-08-30', 'Active', 'Female', 'gfc', 'xyz', 'abc', ''),
(168, '', 'Patient', 'Ahmedabad', '1234567890', 'sasad', 'sads', 'av12@gmail.com', 'DShj8tGU', 'download1.png', '0', '0', '', '2018-08-30', '2018-08-30', 'Active', 'Male', '0', '0', '0', ''),
(169, '', 'Patient', 'Ahmedabad', '1234567890', 'ff', 'dfg', 'mno@gmail.com', 'DShj8tGU', '', '0', '0', '', '2018-08-30', '2018-08-30', 'Active', 'Male', '0', '0', '0', ''),
(171, 'aG51HXWONcT9dTpFd09Y', 'Doctor', 'maninagar', '8874566554', 'manali', 'patel', 'manali09@gmail.com', 'Gb1cvToFDShj', 'download1.png', '0', '0', '56', '2018-08-31', '2018-08-31', 'Active', 'Female', 'gfc', 'xyz', 'abc', ''),
(175, 'aG51HXWONcT9dTpFd09Y', 'Doctor', 'maninagar ', '8874566554', 'dev', 'patel', 'devu123@gmail.com', '', 'copy_19PNa.png', '', '', '', '0000-00-00', '2018-09-11', 'Active', 'Male', '', 'ddd', '', ''),
(176, '', 'Doctor', ' fvgfd   ', '1234568899', 'simran', 'patel', 'simran@gmail.com', 'owUZ6L1cDShj', '', '', '', '', '2018-09-05', '2018-09-11', 'Active', 'Female', '', 'ddd', '', ''),
(178, 'quVKVU7FQui47qaRYGqY', 'Patient', 'U.S.A', '1234567890', 'James', 'bond', 'james@gmail.com', 'DShj8tGU', '', '0', '0', 'emXvzlwPlmk:APA91bHA23xLUCaUvX_V4347rsoyVni_dKt8JZO1ZJQowwaP9-LJDJHojAwaCVjnEx_e2ENI3LDSiciv7wxrTzPqdguKrsPcYsB-GPDOMz1DbJt97nvoBeVeqnxSUHUGjnwqXVi4zGOe\n', '2018-09-08', '2018-09-08', 'Active', 'Male', '0', '', '', ''),
(179, 'ndRc1HTAdMbs7tkfMNKZ', 'Patient', 'Ahmedabad', '1234567890', 'ketu', 'dhoom', 'ketu@gmail.com', 'DShj8tGU', 'JPEG_20180911_101357_1453490908.jpg', '0', '0', 'eyGx0J_xKpw:APA91bG8-8z0r9xx0hhxxRtoFAziykKkGCYUmwMa_kSenw6hbK-rn3QEKTYMrGwQG2eGBlr1VUqjlhFRDyod_Czj4c3osPgV07V8SjIfGQNV9geEnutAFI4-4mx4qHFirNdXh6af9Uh_', '2018-09-11', '2018-09-11', 'Active', 'Female', '0', '', '', ''),
(180, '', 'Patient', 'Parimal garden Ahmedabad', '9494949436', 'David', 'john', 'david@gmail.com', 'DShj8tGU', 'JPEG_20180919_112334_1802563882.jpg', '0', '0', '', '2018-09-19', '2018-09-19', 'Active', 'Male', '0', '', '', 'I am having problems in walking and running , and also pain in thai'),
(181, '', 'Patient', 'U.S.A', '1234567890', 'James', 'bond', 'james123@gmail.com', 'DShj8tGU', 'JPEG_20180926_150543_445683198.jpg', '0', '0', '', '2018-09-26', '2018-09-26', 'Active', 'Male', '0', '', '', ''),
(184, 'OGglvHs4h5sVFmJE9gEO', 'Patient', 'Spain', '9494949494', 'Amena', 'David', 'amena@gmail.com', 'DShj8tGU', 'JPEG_20181005_112947_1184573315.jpg', '0', '0', 'f1ErV1BgzMA:APA91bEJJnJH0NPFNqjfRhklrHoHKm_lDVATynjSLhhNDySKuNVR2R0f1ndEC1FaPOwFzy1BMwKR08pnZT0snRG7FCcw848VsnP_dD2-AjQlXlQplfxg1eYhhrYNVJs8BGshS7nf6T0G', '2018-10-05', '2018-10-05', 'Active', 'Female', '0', '', '', ''),
(185, '', 'Patient', 'U.S.A', '1234567890', 'jackly', 'jack', 'jackly@gmail.com', 'DShj8tGU', '', '0', '0', '', '2018-10-05', '2018-10-05', 'Active', 'Male', '0', '', '', ''),
(186, 'diUzvbdpmKPEcRIb1tDK', 'Patient', 'Spain', '9595959595', 'Julie', 'John', 'julie@gmail.com', 'DShj8tGU', 'JPEG_20181005_113859_1118877016.jpg', '0', '0', 'duz33EWKX28:APA91bEWom0QAVOTiuGKYgjHuh20y2JHAIdSBRkzWXXhCEHkxfMoV9GErRCe6z93sIsX-I3UiXy2d9ylikFUuRqPow_n373dkZosGxnJlnxjUsqrkXUsT2PJf9Gm-Ub6nWQ5REfA8Tf1', '2018-10-05', '2018-10-05', 'Active', 'Female', '0', '', '', ''),
(187, '', 'Patient', 'Ahmedabad', '9067714559', 'Darshan', 'Trivedi', 'tdarshan53@yahoo.com', 'DShjDShj', '', '0', '0', '', '2018-10-05', '2018-10-05', 'Active', 'Male', '0', '', '', ''),
(188, '', 'Patient', 'Australia', '1234567890', 'jack', 'jack', 'jack12345@gmail.com', 'DShj8tGU', 'JPEG_20181005_114934_196065527.jpg', '0', '0', '', '2018-10-05', '2018-10-05', 'Active', 'Male', '0', '', '', ''),
(189, 'AWAXfHZgsaPHPHBTRdzI', 'Doctor', ' Rajkot ', '9067714559', 'Darshan', 'Trivedi', 'admin@gmail.com', 'DShjDShj', 'C_Users_Vishal_AppData_Local_Packages_Microsoft.SkypeApp_kzf8qxf38zg5c_LocalState_5d977048-704f-482e-8fa9-d6f5fad55836_.jpg', '0', '0', 'chNu3USfxng:APA91bF7e73sl9z_fYl4PK8pAAdEmLiQvpy30UCIZKWnXsOYYZEn9k1JEEMQKTBDfGhpmD04w1L9bbKQL6erdQbi-TCdIOHVC3tGDPtRtmbq0YYHuBUB1r7BvA3L5RfaamnVEzEyjcGS', '2018-10-05', '2018-10-05', 'Active', 'Male', '', 'MS', 'Healthy Future', ''),
(190, '', 'Doctor', ' Ahmedabad', '9789988998', 'Hardik', 'Patel', 'admin@gmail.com', 'DShjDShj', '', '', '', '', '2018-10-05', '0000-00-00', 'Active', 'Male', '', 'MBBS', 'Healthy Future', ''),
(191, 'WTzuYPJ2lhT0w6u19h4c', 'Patient', 'Ahmedabad', '1234567890', 'avani', 'patel', 'avani123@gmail.com', 'DShj8tGU', 'JPEG_20181008_191947_4614042231854328054.jpg', '0', '0', 'c3dyzRb6fng:APA91bEGWfy--JjwsCsiG7zxqTVY--Ltl5wtIGlOcxHtIBaQlNJkmEwirNj_PTMZG_7dPBY0kLBcSd4eRjZ1lukBMBUbLo63AWsJKSxMGF3XXyz9gAcPuSRHqU8us2oaZR5UUTFwIopK', '2018-10-08', '2018-10-08', 'Active', 'Female', '0', '', '', '');

/*!40101 SET CHARACTER_SET_CLIENT=@OLD_CHARACTER_SET_CLIENT */;
/*!40101 SET CHARACTER_SET_RESULTS=@OLD_CHARACTER_SET_RESULTS */;
/*!40101 SET COLLATION_CONNECTION=@OLD_COLLATION_CONNECTION */;